Q951297,Harvey Friedman,American mathematician and logician,+1948-09-23T00:00:00Z,,https://en.wikipedia.org/wiki/Harvey_Friedman
Q37327,Samuel Beckett,Nobel-winning Irish writer (1906–1989),+1906-04-13T00:00:00Z,+1989-12-22T00:00:00Z,https://en.wikipedia.org/wiki/Samuel_Beckett
Q715169,George Buchanan,Scottish historian and humanist scholar; (1506-1582),+1506-02-01T00:00:00Z,+1582-09-28T00:00:00Z,https://en.wikipedia.org/wiki/George_Buchanan
Q217771,George Gurdjieff,"Philosopher, mystic, and writer (c. 1866–1877 – 1949)",+1866-01-13T00:00:00Z,+1949-10-29T00:00:00Z,https://en.wikipedia.org/wiki/George_Gurdjieff
Q676267,Henry Bate of Malines,Flemish philosopher,+1246-03-24T00:00:00Z,+1310-00-00T00:00:00Z,https://en.wikipedia.org/wiki/Henry_Bate_of_Mechelen
Q434266,Petr Uspensky,Russian esotericist,+1878-03-04T00:00:00Z,+1947-10-02T00:00:00Z,https://en.wikipedia.org/wiki/P._D._Ouspensky
Q368519,George MacDonald,"Scottish author, poet and Christian minister",+1824-12-10T00:00:00Z,+1905-09-18T00:00:00Z,https://en.wikipedia.org/wiki/George_MacDonald
Q60028,Gottlob Frege,"German philosopher, logician, and mathematician (1848–1925)",+1848-11-08T00:00:00Z,+1925-07-26T00:00:00Z,https://en.wikipedia.org/wiki/Gottlob_Frege
Q188883,Clement of Alexandria,Christian theologian (c.150 – c.215),+0150-00-00T00:00:00Z,+0215-00-00T00:00:00Z,https://en.wikipedia.org/wiki/Clement_of_Alexandria
Q219368,Judith Butler,American philosopher and gender studies philosopher (born 1956),+1956-02-24T00:00:00Z,,https://en.wikipedia.org/wiki/Judith_Butler
Q1541,Cicero,"Roman statesman, lawyer, orator, and philosopher (106–43 BC)",-0106-01-03T00:00:00Z,-0043-12-07T00:00:00Z,https://en.wikipedia.org/wiki/Cicero
Q4313,Alain de Lille,French theologian and poet,+1117-00-00T00:00:00Z,+1202-12-29T00:00:00Z,https://en.wikipedia.org/wiki/Alain_de_Lille
Q216072,Xunzi,Chinese Confucian philosopher (c.310–after 238 BCE),-0313-00-00T00:00:00Z,-0238-01-01T00:00:00Z,https://en.wikipedia.org/wiki/Xunzi_(philosopher)
Q471046,Rida Muhammad Rashid,Syrian Muslim scholar and reformer (1865-1935),+1865-09-23T00:00:00Z,+1935-08-22T00:00:00Z,https://en.wikipedia.org/wiki/Rashid_Rida
Q168004,Friedrich Heinrich Jacobi,German philosopher,+1743-01-25T00:00:00Z,+1819-03-10T00:00:00Z,https://en.wikipedia.org/wiki/Friedrich_Heinrich_Jacobi
Q18999,Junius Rusticus,Stoic philosopher (100-170),+0100-01-01T00:00:00Z,+0170-01-01T00:00:00Z,https://en.wikipedia.org/wiki/Junius_Rusticus
Q47434,Edmond Halley,"English astronomer, geophysicist, mathematician, meteorologist, and physicist",+1656-10-29T00:00:00Z,+1742-01-14T00:00:00Z,https://en.wikipedia.org/wiki/Edmond_Halley
Q714369,Dai Zhen,Chinese scholar,+1724-01-19T00:00:00Z,+1777-07-01T00:00:00Z,https://en.wikipedia.org/wiki/Dai_Zhen
Q11917236,Diophantus,ancient Greek rhetorician,,,https://en.wikipedia.org/wiki/Diophantus_the_Arab
Q193670,Frantz Fanon,French West Indian psychiatrist and philosopher (1925–1961),+1925-07-20T00:00:00Z,+1961-12-06T00:00:00Z,https://en.wikipedia.org/wiki/Frantz_Fanon
Q129772,Xenophon,"Greek philosopher, historian, soldier (c. 430–355/354 BC)",-0430-01-01T00:00:00Z,-0354-01-01T00:00:00Z,https://en.wikipedia.org/wiki/Xenophon
Q191026,Francis Galton,"English polymath: geographer, statistician, eugenicist (*1822 – †1911)",+1822-02-16T00:00:00Z,+1911-01-17T00:00:00Z,https://en.wikipedia.org/wiki/Francis_Galton
Q2897678,Bernard Charbonneau,French philosopher,+1910-11-28T00:00:00Z,+1996-04-28T00:00:00Z,https://en.wikipedia.org/wiki/Bernard_Charbonneau
Q6197,Horace,Roman lyric poet,-0065-12-08T00:00:00Z,-0008-11-27T00:00:00Z,https://en.wikipedia.org/wiki/Horace
Q19074,Samuel P. Huntington,American political scientist (1927-2008),+1927-04-18T00:00:00Z,+2008-12-24T00:00:00Z,https://en.wikipedia.org/wiki/Samuel_P._Huntington
Q169906,Jacques Lacan,French psychoanalyst and writer (1901–1981),+1901-04-13T00:00:00Z,+1981-09-09T00:00:00Z,https://en.wikipedia.org/wiki/Jacques_Lacan
Q1173486,David Anhaght,Armenian philosopher/5th century,+0600-01-01T00:00:00Z,+0600-01-01T00:00:00Z,https://en.wikipedia.org/wiki/David_the_Invincible
Q657941,Albinus,ancient Greek philosopher,+0100-00-00T00:00:00Z,+0200-01-01T00:00:00Z,https://en.wikipedia.org/wiki/Albinus_(philosopher)
Q2353373,Thiruvalluvar,Tamil poet and philosopher,,,https://en.wikipedia.org/wiki/Thiruvalluvar
Q193871,Marshall McLuhan,"Canadian educator, philosopher, and scholar",+1911-07-21T00:00:00Z,+1980-12-31T00:00:00Z,https://en.wikipedia.org/wiki/Marshall_McLuhan
Q9235,Georg Wilhelm Friedrich Hegel,German philosopher and theologian (1770–1831),+1770-08-27T00:00:00Z,+1831-11-14T00:00:00Z,https://en.wikipedia.org/wiki/Georg_Wilhelm_Friedrich_Hegel
Q48305,Euripides,Classical Athenian playwright,-0480-00-00T00:00:00Z,-0406-00-00T00:00:00Z,https://en.wikipedia.org/wiki/Euripides
Q36330,Giordano Bruno,"Italian Dominican friar, philosopher and mathematician (1548–1600)",+1548-01-01T00:00:00Z,+1600-02-17T00:00:00Z,https://en.wikipedia.org/wiki/Giordano_Bruno
Q158060,W. E. B. Du Bois,American sociologist and activist (1868–1963),+1868-02-23T00:00:00Z,+1963-08-27T00:00:00Z,https://en.wikipedia.org/wiki/W._E._B._Du_Bois
Q2636293,Nikolay Strakhov,Russian philosopher,+1828-10-16T00:00:00Z,+1896-01-24T00:00:00Z,https://en.wikipedia.org/wiki/Nikolay_Strakhov
Q981459,Pierre Laffitte,French philosopher,+1823-02-21T00:00:00Z,+1903-01-04T00:00:00Z,https://en.wikipedia.org/wiki/Pierre_Laffitte
Q22670,Friedrich Schiller,"German poet, philosopher, historian and playwright (1759–1805)",+1759-11-10T00:00:00Z,+1805-05-09T00:00:00Z,https://en.wikipedia.org/wiki/Friedrich_Schiller
Q187520,Charles Sanders Peirce,"American philosopher, logician, mathematician, and scientist (1839-1914)",+1839-09-10T00:00:00Z,+1914-04-19T00:00:00Z,https://en.wikipedia.org/wiki/Charles_Sanders_Peirce
Q179785,Gorgias,Greek presocratic philosopher and sophist (483–375 BC),-0483-00-00T00:00:00Z,-0375-00-00T00:00:00Z,https://en.wikipedia.org/wiki/Gorgias
Q71029,Hermann Weyl,German mathematician,+1885-11-09T00:00:00Z,+1955-12-08T00:00:00Z,https://en.wikipedia.org/wiki/Hermann_Weyl
Q172599,Giacomo Leopardi,"Italian poet, philosopher, and writer (1798-1837)",+1798-06-29T00:00:00Z,+1837-06-14T00:00:00Z,https://en.wikipedia.org/wiki/Giacomo_Leopardi
Q82778,Pliny the Elder,1st-century Roman military commander and writer,+0020-00-00T00:00:00Z,+0079-00-00T00:00:00Z,https://en.wikipedia.org/wiki/Pliny_the_Elder
Q190089,Duns Scotus,Scottish Franciscan friar and philosopher (c. 1265/66–1308),+1265-00-00T00:00:00Z,+1308-11-08T00:00:00Z,https://en.wikipedia.org/wiki/Duns_Scotus
Q4295,Peter Abelard,"French scholastic philosopher, theologian and preeminent logician (c.1079-1142)",+1079-01-01T00:00:00Z,+1142-04-21T00:00:00Z,https://en.wikipedia.org/wiki/Peter_Abelard
Q184530,Gerolamo Cardano,"Italian Renaissance mathematician, physician, astrologer (1501-1576)",+1501-09-24T00:00:00Z,+1576-09-21T00:00:00Z,https://en.wikipedia.org/wiki/Gerolamo_Cardano
Q313581,Nicolae Iorga,"Romanian historian, politician, literary critic, memoirist, poet and playwright",+1871-01-17T00:00:00Z,+1940-11-27T00:00:00Z,https://en.wikipedia.org/wiki/Nicolae_Iorga
Q1252398,John McDowell,South African philosopher and academic,+1942-03-07T00:00:00Z,,https://en.wikipedia.org/wiki/John_McDowell
Q132489,Amartya Sen,Indian economist and philosopher,+1933-11-03T00:00:00Z,,https://en.wikipedia.org/wiki/Amartya_Sen
Q310765,David Bohm,American theoretical physicist,+1917-12-20T00:00:00Z,+1992-10-27T00:00:00Z,https://en.wikipedia.org/wiki/David_Bohm
Q272411,Mozi,5th-century BC Chinese philosopher and founder of Mohism,-0470-01-01T00:00:00Z,-0391-01-01T00:00:00Z,https://en.wikipedia.org/wiki/Mozi
Q84233,Ludwig von Mises,Austrian-American economist,+1881-09-29T00:00:00Z,+1973-10-10T00:00:00Z,https://en.wikipedia.org/wiki/Ludwig_von_Mises
Q60024,Hermann von Helmholtz,German physicist and physiologist (1821-1894),+1821-08-31T00:00:00Z,+1894-09-08T00:00:00Z,https://en.wikipedia.org/wiki/Hermann_von_Helmholtz
Q503017,Jean-Luc Nancy,French philosopher,+1940-07-26T00:00:00Z,+2021-08-23T00:00:00Z,https://en.wikipedia.org/wiki/Jean-Luc_Nancy
Q969533,Tahar al-Haddad,"Tunisian intellectual, trade unionist and politician",+1899-12-04T00:00:00Z,+1935-12-07T00:00:00Z,https://en.wikipedia.org/wiki/Tahar_Haddad
Q1381628,Gerardus van der Leeuw,Dutch religious studies scholar and politician (1890–1950),+1890-03-18T00:00:00Z,+1950-11-18T00:00:00Z,https://en.wikipedia.org/wiki/Gerard_van_der_Leeuw
Q201538,Edward Said,Palestinian-American professor (1935–2003),+1935-11-01T00:00:00Z,+2003-09-25T00:00:00Z,https://en.wikipedia.org/wiki/Edward_Said
Q297040,Apollonius of Tyana,1st century AD Greek Neopythagorean philosopher,+0015-00-00T00:00:00Z,+0100-00-00T00:00:00Z,https://en.wikipedia.org/wiki/Apollonius_of_Tyana
Q876398,Hans Kamp,Dutch philosopher and linguist,+1940-09-05T00:00:00Z,,https://en.wikipedia.org/wiki/Hans_Kamp
Q320042,Antiochus of Ascalon,ancient Greek philosopher,-0130-00-00T00:00:00Z,-0068-00-00T00:00:00Z,https://en.wikipedia.org/wiki/Antiochus_of_Ascalon
Q3309295,Michel Clouscard,French Marxist philosopher and sociologist,+1928-08-06T00:00:00Z,+2009-02-21T00:00:00Z,https://en.wikipedia.org/wiki/Michel_Clouscard
Q82934,"Claude Henri de Rouvroy, comte de Saint-Simon",French early socialist theorist (1760-1825),+1760-10-17T00:00:00Z,+1825-05-19T00:00:00Z,https://en.wikipedia.org/wiki/Henri_de_Saint-Simon
Q201484,John Dee,"16th-century English mathematician, astrologer, and alchemist",+1527-07-13T00:00:00Z,+1608-12-00T00:00:00Z,https://en.wikipedia.org/wiki/John_Dee
Q2476671,Ulrich Schrade,Polish philosopher (1943-2009),+1943-07-21T00:00:00Z,+2009-11-15T00:00:00Z,https://en.wikipedia.org/wiki/Ulrich_Schrade
Q279359,Vilna Gaon,Polish-Lithuanian rabbi and Talmudist (1720–1797),+1720-04-23T00:00:00Z,+1797-10-09T00:00:00Z,https://en.wikipedia.org/wiki/Vilna_Gaon
Q44490,John Henry Newman,"English cleric, cardinal and saint (1801-1890)",+1801-02-21T00:00:00Z,+1890-08-11T00:00:00Z,https://en.wikipedia.org/wiki/John_Henry_Newman
Q9215,Sigmund Freud,Austrian neurologist and founder of psychoanalysis (1856–1939),+1856-05-06T00:00:00Z,+1939-09-23T00:00:00Z,https://en.wikipedia.org/wiki/Sigmund_Freud
Q39837,Averroes,Arab Andalusian Muslim writer and philosopher (1126–1198),+1126-04-14T00:00:00Z,+1198-12-10T00:00:00Z,https://en.wikipedia.org/wiki/Averroes
Q445939,Roger Scruton,English conservative philosopher and writer,+1944-02-27T00:00:00Z,+2020-01-12T00:00:00Z,https://en.wikipedia.org/wiki/Roger_Scruton
Q731904,Valentin Ferdinandovich Asmus,Russian philosopher,+1894-12-18T00:00:00Z,+1975-06-04T00:00:00Z,https://en.wikipedia.org/wiki/Valentin_Asmus_(philosopher)
Q928551,Origen the Pagan,3rd century Alexandrian Platonist philosopher,+0200-00-00T00:00:00Z,+0300-01-01T00:00:00Z,https://en.wikipedia.org/wiki/Origen_the_Pagan
Q1035,Charles Darwin,English naturalist and biologist (1809–1882),+1809-02-12T00:00:00Z,+1882-04-19T00:00:00Z,https://en.wikipedia.org/wiki/Charles_Darwin
Q7231,Rosa Luxemburg,"German-Polish Marxist theorist, socialist philosopher, and revolutionary, editor (1871–1919)",+1871-03-05T00:00:00Z,+1919-01-15T00:00:00Z,https://en.wikipedia.org/wiki/Rosa_Luxemburg
Q78603,Christian von Ehrenfels,Austrian philosopher (1859-1932),+1859-06-20T00:00:00Z,+1932-09-08T00:00:00Z,https://en.wikipedia.org/wiki/Christian_von_Ehrenfels
Q177847,Lucian of Samosata,2nd-century Syrian satirist and rhetorician,+0120-00-00T00:00:00Z,+0200-00-00T00:00:00Z,https://en.wikipedia.org/wiki/Lucian
Q35802,Benedictus de Spinoza,Dutch philosopher (1632–1677),+1632-11-24T00:00:00Z,+1677-02-21T00:00:00Z,https://en.wikipedia.org/wiki/Baruch_Spinoza
Q404023,Aedesius,Neoplatonist philosopher,+0280-00-00T00:00:00Z,+0355-00-00T00:00:00Z,https://en.wikipedia.org/wiki/Aedesius
Q384522,David Lewis,American philosopher (1941–2001),+1941-09-28T00:00:00Z,+2001-10-14T00:00:00Z,https://en.wikipedia.org/wiki/David_Lewis_(philosopher)
Q212338,Philolaus,"Greek philosopher, astronomer and Pythagorean (c.470–c.385 BCE)",-0470-01-01T00:00:00Z,-0390-01-01T00:00:00Z,https://en.wikipedia.org/wiki/Philolaus
Q27645,Mikhail Bakunin,Russian revolutionary anarchist and philosopher (1814–1876),+1814-05-30T00:00:00Z,+1876-07-01T00:00:00Z,https://en.wikipedia.org/wiki/Mikhail_Bakunin
Q452091,William Whiston,"theologian, historian, mathematician (1667-1752)",+1667-12-09T00:00:00Z,+1752-08-22T00:00:00Z,https://en.wikipedia.org/wiki/William_Whiston
Q463723,Nikolai Fyodorovich Fyodorov,Russian philosopher and life extensionist (1829-1903),+1829-05-26T00:00:00Z,+1903-12-15T00:00:00Z,https://en.wikipedia.org/wiki/Nikolai_Fyodorov_(philosopher)
Q171091,Philip K. Dick,American science fiction author (1928–1982),+1928-12-16T00:00:00Z,+1982-03-02T00:00:00Z,https://en.wikipedia.org/wiki/Philip_K._Dick
Q77148,Carl Schmitt,"German jurist, political theorist and professor of law (1888-1985)",+1888-07-12T00:00:00Z,+1985-04-07T00:00:00Z,https://en.wikipedia.org/wiki/Carl_Schmitt
Q189564,Pierre Teilhard de Chardin,"French philosopher, Jesuit priest, and paleontologist",+1881-05-01T00:00:00Z,+1955-04-10T00:00:00Z,https://en.wikipedia.org/wiki/Pierre_Teilhard_de_Chardin
Q185117,Justin Martyr,2nd century CE Christian apologist and martyr,+0100-01-01T00:00:00Z,+0165-01-01T00:00:00Z,https://en.wikipedia.org/wiki/Justin_Martyr
Q2955937,Chamaeleon,Greek Peripatetic philosopher (c.350–c.275 BC),-0400-00-00T00:00:00Z,-0300-00-00T00:00:00Z,https://en.wikipedia.org/wiki/Chamaeleon_(philosopher)
Q3051714,Elsa Dorlin,French philosopher,+1974-01-01T00:00:00Z,,https://en.wikipedia.org/wiki/Elsa_Dorlin
Q4765569,Anita L. Allen,American lawyer,+1953-03-24T00:00:00Z,,https://en.wikipedia.org/wiki/Anita_L._Allen
Q331853,Benjamin Lee Whorf,American linguist (1897-1941),+1897-04-24T00:00:00Z,+1941-07-26T00:00:00Z,https://en.wikipedia.org/wiki/Benjamin_Lee_Whorf
Q345641,Bernard Williams,English moral philosopher (1929–2003),+1929-09-21T00:00:00Z,+2003-06-10T00:00:00Z,https://en.wikipedia.org/wiki/Bernard_Williams
Q913,Socrates,classical Greek Athenian philosopher (c. 470 – 399 BC),-0470-00-00T00:00:00Z,-0399-02-15T00:00:00Z,https://en.wikipedia.org/wiki/Socrates
Q3342897,Nolini Kanta Gupta,disciple of Sri Aurobindo,+1889-01-13T00:00:00Z,+1983-02-07T00:00:00Z,https://en.wikipedia.org/wiki/Nolini_Kanta_Gupta
Q2161,Tacitus,Roman senator and historian (54-120),+0054-00-00T00:00:00Z,+0120-00-00T00:00:00Z,https://en.wikipedia.org/wiki/Tacitus
Q211411,Chrysippus of Soli,Greek Stoic philosopher,-0281-00-00T00:00:00Z,-0208-00-00T00:00:00Z,https://en.wikipedia.org/wiki/Chrysippus
Q78497,Paul Feyerabend,Austrian-born philosopher of science,+1924-01-13T00:00:00Z,+1994-02-11T00:00:00Z,https://en.wikipedia.org/wiki/Paul_Feyerabend
Q925732,Menedemus the Cynic,3rd century BC Greek Cynic philosopher,-0400-01-01T00:00:00Z,-0300-01-01T00:00:00Z,https://en.wikipedia.org/wiki/Menedemus_the_Cynic
Q49325,Albert Schweitzer,"French-German physician, theologian, musician, and philosopher",+1875-01-14T00:00:00Z,+1965-09-04T00:00:00Z,https://en.wikipedia.org/wiki/Albert_Schweitzer
Q758060,Atticus,2nd century Greek philosopher,+0150-00-00T00:00:00Z,+0200-00-00T00:00:00Z,https://en.wikipedia.org/wiki/Atticus_(philosopher)
Q113951,Erik von Kuehnelt-Leddihn,Austrian noble and political theorist (1909-1999),+1909-07-31T00:00:00Z,+1999-05-26T00:00:00Z,https://en.wikipedia.org/wiki/Erik_von_Kuehnelt-Leddihn
Q125249,William James,"American philosopher, psychologist, and pragmatist (1842–1910)",+1842-01-11T00:00:00Z,+1910-08-26T00:00:00Z,https://en.wikipedia.org/wiki/William_James
Q991,Fyodor Dostoyevsky,Russian novelist (1821–1881),+1821-11-11T00:00:00Z,+1881-01-28T00:00:00Z,https://en.wikipedia.org/wiki/Fyodor_Dostoevsky
Q313666,Georges Sorel,French philosopher and sociologist,+1847-11-02T00:00:00Z,+1922-08-29T00:00:00Z,https://en.wikipedia.org/wiki/Georges_Sorel
Q211539,Peter Singer,Australian moral philosopher,+1946-07-06T00:00:00Z,,https://en.wikipedia.org/wiki/Peter_Singer
Q2927235,Bryson of Achaea,4th-century BC Greek philosopher,-0450-00-00T00:00:00Z,-0400-00-00T00:00:00Z,https://en.wikipedia.org/wiki/Bryson_of_Achaea
Q76688,Hans-Hermann Hoppe,Austrian school economist and libertarian anarcho-capitalist philosopher,+1949-09-02T00:00:00Z,,https://en.wikipedia.org/wiki/Hans-Hermann_Hoppe
Q60025,Hannah Arendt,German-American political theorist and philosopher (1906–1975),+1906-10-14T00:00:00Z,+1975-12-04T00:00:00Z,https://en.wikipedia.org/wiki/Hannah_Arendt
Q57497,Carl Stumpf,German philosopher,+1848-04-21T00:00:00Z,+1936-12-25T00:00:00Z,https://en.wikipedia.org/wiki/Carl_Stumpf
Q77888,Wilhelm von Humboldt,"Prussian philosopher, government official, diplomat, and educator (1767–1835)",+1767-06-22T00:00:00Z,+1835-04-08T00:00:00Z,https://en.wikipedia.org/wiki/Wilhelm_von_Humboldt
Q47478,Swami Vivekananda,Indian Hindu monk and philosopher (1863-1902),+1863-01-12T00:00:00Z,+1902-07-04T00:00:00Z,https://en.wikipedia.org/wiki/Swami_Vivekananda
Q185770,Posidonius,Greek Stoic philosopher (c.135 – c.51 BC),-0135-01-01T00:00:00Z,-0051-01-01T00:00:00Z,https://en.wikipedia.org/wiki/Posidonius
Q467015,Henry Corbin,French philosopher and orientalist,+1903-04-14T00:00:00Z,+1978-10-07T00:00:00Z,https://en.wikipedia.org/wiki/Henry_Corbin
Q125551,Parmenides,late 6th/early 5th century BC Greek pre-Socratic philosopher,-0515-00-00T00:00:00Z,-0470-00-00T00:00:00Z,https://en.wikipedia.org/wiki/Parmenides
Q11035375,Quintus Aelius Tubero,Roman philosopher and politician,-0163-00-00T00:00:00Z,,https://en.wikipedia.org/wiki/Quintus_Aelius_Tubero_(Stoic)
Q123190,Jean Piaget,"Swiss psychologist, biologist, logician, philosopher and academic (1896-1980)",+1896-08-09T00:00:00Z,+1980-09-16T00:00:00Z,https://en.wikipedia.org/wiki/Jean_Piaget
Q221697,Hilary Putnam,American philosopher,+1926-07-31T00:00:00Z,+2016-03-13T00:00:00Z,https://en.wikipedia.org/wiki/Hilary_Putnam
Q3158533,Jacques Chevalier,French philosopher (1882-1962),+1882-03-13T00:00:00Z,+1962-04-19T00:00:00Z,https://en.wikipedia.org/wiki/Jacques_Chevalier
Q328150,John of Ravenna,Italian writer,+1343-00-00T00:00:00Z,+1408-00-00T00:00:00Z,https://en.wikipedia.org/wiki/Giovanni_Conversini
Q310791,Jules Michelet,French historian; popularized the historical concept of the Renaissance,+1798-08-21T00:00:00Z,+1874-02-09T00:00:00Z,https://en.wikipedia.org/wiki/Jules_Michelet
Q229264,"Georges-Louis Leclerc, Comte de Buffon",French natural historian (1707-1788),+1707-09-07T00:00:00Z,+1788-04-16T00:00:00Z,"https://en.wikipedia.org/wiki/Georges-Louis_Leclerc,_Comte_de_Buffon"
Q6694,Alexander von Humboldt,"Prussian geographer, naturalist and explorer (1769–1859)",+1769-09-14T00:00:00Z,+1859-05-06T00:00:00Z,https://en.wikipedia.org/wiki/Alexander_von_Humboldt
Q215022,Arthur Eddington,British astrophysicist (1882-1944),+1882-12-28T00:00:00Z,+1944-11-22T00:00:00Z,https://en.wikipedia.org/wiki/Arthur_Eddington
Q7197,Simone de Beauvoir,"French philosopher, social theorist and activist (1908–1986)",+1908-01-09T00:00:00Z,+1986-04-14T00:00:00Z,https://en.wikipedia.org/wiki/Simone_de_Beauvoir
Q43499,Erasmus,"Dutch Renaissance humanist, Catholic priest, and theologian",+1466-10-28T00:00:00Z,+1536-07-12T00:00:00Z,https://en.wikipedia.org/wiki/Erasmus
Q7251,Alan Turing,"(1912-1954) English mathematician, military code breaker during WWII, and groundbreaking theorist of computer science",+1912-06-23T00:00:00Z,+1954-06-07T00:00:00Z,https://en.wikipedia.org/wiki/Alan_Turing
Q37388,Francis Bacon,English philosopher and statesman (1561–1626),+1561-01-22T00:00:00Z,+1626-04-09T00:00:00Z,https://en.wikipedia.org/wiki/Francis_Bacon
Q788572,Max Eastman,American writer (1883-1969),+1883-01-04T00:00:00Z,+1969-03-25T00:00:00Z,https://en.wikipedia.org/wiki/Max_Eastman
Q183372,Alfred North Whitehead,English mathematician and philosopher (1861–1947),+1861-02-15T00:00:00Z,+1947-12-30T00:00:00Z,https://en.wikipedia.org/wiki/Alfred_North_Whitehead
Q156268,Pierre Bourdieu,"French sociologist, anthropologist, and philosopher (1930–2002)",+1930-08-01T00:00:00Z,+2002-01-23T00:00:00Z,https://en.wikipedia.org/wiki/Pierre_Bourdieu
Q50020,John Stuart Mill,British philosopher and political economist (1806–1873),+1806-05-20T00:00:00Z,+1873-05-08T00:00:00Z,https://en.wikipedia.org/wiki/John_Stuart_Mill
Q8018,Augustine of Hippo,"Catholic theologian, philosopher, and saint (354–430)",+0354-11-13T00:00:00Z,+0430-08-28T00:00:00Z,https://en.wikipedia.org/wiki/Augustine_of_Hippo
Q314394,Jyotirao Phule,Indian social reformer (1827-1890),+1827-04-11T00:00:00Z,+1890-11-28T00:00:00Z,https://en.wikipedia.org/wiki/Jyotirao_Phule
Q438839,Aleksandr Dugin,Russian political activist and philosopher (born 1962),+1962-01-07T00:00:00Z,,https://en.wikipedia.org/wiki/Aleksandr_Dugin
Q188569,William Godwin,"English journalist, political philosopher and novelist",+1756-03-03T00:00:00Z,+1836-04-07T00:00:00Z,https://en.wikipedia.org/wiki/William_Godwin
Q215258,Richard Rorty,American philosopher,+1931-10-04T00:00:00Z,+2007-06-08T00:00:00Z,https://en.wikipedia.org/wiki/Richard_Rorty
Q44258,Basil of Caesarea,4th-century Christian bishop and saint,+0329-01-01T00:00:00Z,+0379-00-00T00:00:00Z,https://en.wikipedia.org/wiki/Basil_of_Caesarea
Q127398,Moshe ben Maimon,Medieval Jewish philosopher from Spain (1135–1204),+1138-03-30T00:00:00Z,+1204-12-13T00:00:00Z,https://en.wikipedia.org/wiki/Maimonides
Q16192619,Selmer Bringsjord,American computer scientist,+1958-11-24T00:00:00Z,,https://en.wikipedia.org/wiki/Selmer_Bringsjord
Q15448970,Walter Jaeschke,philosopher and Hegel scholar,+1945-09-20T00:00:00Z,+2022-07-14T00:00:00Z,https://en.wikipedia.org/wiki/Walter_Jaeschke
Q130631,Jacques Derrida,Algerian-French philosopher,+1930-07-15T00:00:00Z,+2004-10-08T00:00:00Z,https://en.wikipedia.org/wiki/Jacques_Derrida
Q1514998,Gershom Carmichael,Scottish philosopher,+1672-01-01T00:00:00Z,+1729-01-01T00:00:00Z,https://en.wikipedia.org/wiki/Gershom_Carmichael
Q163087,Michael Polanyi,Hungarian-British polymath,+1891-03-11T00:00:00Z,+1976-02-22T00:00:00Z,https://en.wikipedia.org/wiki/Michael_Polanyi
Q311826,Muhammad Abduh,"Egyptian Islamic jurist, religious scholar and liberal reformer (1849-1905)",+1849-01-01T00:00:00Z,+1905-07-11T00:00:00Z,https://en.wikipedia.org/wiki/Muhammad_Abduh
Q41513,William Blake,English poet and artist (1757–1827),+1757-11-28T00:00:00Z,+1827-08-12T00:00:00Z,https://en.wikipedia.org/wiki/William_Blake
Q73527,Arcesilaus,3rd-century BC Greek Hellenistic philosopher,-0315-01-01T00:00:00Z,-0240-01-01T00:00:00Z,https://en.wikipedia.org/wiki/Arcesilaus
Q9317,John Maynard Keynes,English economist (1883–1946),+1883-06-05T00:00:00Z,+1946-04-21T00:00:00Z,https://en.wikipedia.org/wiki/John_Maynard_Keynes
Q126462,Thomas Paine,"American Founding Father, philosopher, and political activist (1737–1809)",+1737-02-09T00:00:00Z,+1809-06-08T00:00:00Z,https://en.wikipedia.org/wiki/Thomas_Paine
Q122972,Louis Agassiz,Swiss-American naturalist (1807–1873),+1807-05-28T00:00:00Z,+1873-12-14T00:00:00Z,https://en.wikipedia.org/wiki/Louis_Agassiz
Q184500,Johannes Scotus Eriugena,Irish Catholic philosopher and theologian (c. 800 – c. 877),+0810-00-00T00:00:00Z,+0877-01-01T00:00:00Z,https://en.wikipedia.org/wiki/John_Scotus_Eriugena
Q41155,Heraclitus,Greek philosopher (late 6th/early 5th-century BC),-0535-00-00T00:00:00Z,-0470-00-00T00:00:00Z,https://en.wikipedia.org/wiki/Heraclitus
Q192207,Aurobindo Ghosh,"Indian philosopher, yogi, maharishi, poet and nationalist (1872–1950)",+1872-08-15T00:00:00Z,+1950-12-05T00:00:00Z,https://en.wikipedia.org/wiki/Sri_Aurobindo
Q4245051,Pobisk Kuznetsov,,+1924-05-18T00:00:00Z,+2000-12-04T00:00:00Z,https://en.wikipedia.org/wiki/Pobisk_Georgievich_Kuznetsov
Q298521,Saul Kripke,American philosopher and logician (1940–2022),+1940-11-13T00:00:00Z,+2022-09-15T00:00:00Z,https://en.wikipedia.org/wiki/Saul_Kripke
Q43216,Epicurus,ancient Greek philosopher,-0342-00-00T00:00:00Z,-0270-00-00T00:00:00Z,https://en.wikipedia.org/wiki/Epicurus
Q235470,Martha Nussbaum,American philosopher,+1947-05-06T00:00:00Z,,https://en.wikipedia.org/wiki/Martha_Nussbaum
Q192315,Pierre Gassendi,"French philosopher, astronomer, mathematician, priest, and scientist  (*1592 – †1655)",+1592-01-22T00:00:00Z,+1655-10-24T00:00:00Z,https://en.wikipedia.org/wiki/Pierre_Gassendi
Q1366556,Mohammad-Taqi Mesbah-Yazdi,Iranian Shia scholar and philosopher (1935–2021),+1934-01-01T00:00:00Z,+2021-01-01T00:00:00Z,https://en.wikipedia.org/wiki/Taqi_Yazdi
Q134189,Plotinus,Hellenistic Platonist philosopher and founder of Neoplatonism (c. 204/5–270),+0203-01-01T00:00:00Z,+0270-01-01T00:00:00Z,https://en.wikipedia.org/wiki/Plotinus
Q131671,Xenophanes,Greek Pre-Socratic philosopher (c.570–c.478 BC),-0560-00-00T00:00:00Z,-0478-00-00T00:00:00Z,https://en.wikipedia.org/wiki/Xenophanes
Q28959,Han Fei,"Chinese Legalist, 280–233 BCE",-0279-00-00T00:00:00Z,-0232-00-00T00:00:00Z,https://en.wikipedia.org/wiki/Han_Fei
Q196546,Syed Ahmed Khan,Indian Muslim reformer and social activist (1817–1898),+1817-10-17T00:00:00Z,+1898-03-27T00:00:00Z,https://en.wikipedia.org/wiki/Syed_Ahmad_Khan
Q9546,Al-Ghazali,Persian Sunni Muslim scholar and mystic (c.1058–1111),+1058-01-01T00:00:00Z,+1111-12-19T00:00:00Z,https://en.wikipedia.org/wiki/Al-Ghazali
Q3825797,Lambertus de Monte,philosopher,+1430-01-01T00:00:00Z,+1499-01-01T00:00:00Z,https://en.wikipedia.org/wiki/Lambertus_de_Monte
Q35900,Omar Khayyám,Persian mathematician and poet (1048–1131),+1048-05-18T00:00:00Z,+1131-12-04T00:00:00Z,https://en.wikipedia.org/wiki/Omar_Khayyam
Q11730,Otto Bauer,Austrian Social Democrat (1881-1938),+1881-09-05T00:00:00Z,+1938-07-04T00:00:00Z,https://en.wikipedia.org/wiki/Otto_Bauer
Q169234,Abu Bakr al-Razi,"Persian polymath, physician, chemist and philosopher (854-925)",+0866-00-00T00:00:00Z,+0925-10-15T00:00:00Z,https://en.wikipedia.org/wiki/Abu_Bakr_al-Razi
Q1282198,Ivan Ilyin,Russian political philosopher (1883–1954),+1883-03-28T00:00:00Z,+1954-12-21T00:00:00Z,https://en.wikipedia.org/wiki/Ivan_Ilyin
Q358561,Reinhold Niebuhr,American Protestant theologian (1892–1971),+1892-06-21T00:00:00Z,+1971-06-01T00:00:00Z,https://en.wikipedia.org/wiki/Reinhold_Niebuhr
Q57280,Johann Joachim Winckelmann,"German art historian and archaeologist, and conservator of the Vatican Library",+1717-12-09T00:00:00Z,+1768-06-08T00:00:00Z,https://en.wikipedia.org/wiki/Johann_Joachim_Winckelmann
Q259507,bell hooks,"American author, feminist, and social activist",+1952-09-25T00:00:00Z,+2021-12-15T00:00:00Z,https://en.wikipedia.org/wiki/Bell_hooks
Q182905,Georgi Plekhanov,Russian philosopher (1856–1918),+1856-11-29T00:00:00Z,+1918-05-30T00:00:00Z,https://en.wikipedia.org/wiki/Georgi_Plekhanov
Q131149,Henry David Thoreau,"American essayist, poet, and philosopher (1817–1862)",+1817-07-12T00:00:00Z,+1862-05-06T00:00:00Z,https://en.wikipedia.org/wiki/Henry_David_Thoreau
Q28918,Luce Irigaray,"Belgian-born French feminist, philosopher, linguist, psycholinguist, psychoanalyst and cultural theorist",+1930-05-03T00:00:00Z,,https://en.wikipedia.org/wiki/Luce_Irigaray
Q473773,David Low,British (Australasian) cartoonist (1891-1963),+1891-04-07T00:00:00Z,+1963-09-19T00:00:00Z,https://en.wikipedia.org/wiki/David_Low_(cartoonist)
Q41568,Michel de Montaigne,"French author, philosopher, and statesman (1533–1592)",+1533-02-28T00:00:00Z,+1592-09-12T00:00:00Z,https://en.wikipedia.org/wiki/Michel_de_Montaigne
Q215506,Jerry Seinfeld,American comedian and actor,+1954-04-29T00:00:00Z,,https://en.wikipedia.org/wiki/Jerry_Seinfeld
Q5424032,F. S. C. Northrop,American philosopher (1893-1992),+1893-11-27T00:00:00Z,+1992-07-21T00:00:00Z,https://en.wikipedia.org/wiki/F._S._C._Northrop
Q138850,Gershom Scholem,German-born Israeli philosopher and historian (1897–1982),+1897-12-05T00:00:00Z,+1982-02-21T00:00:00Z,https://en.wikipedia.org/wiki/Gershom_Scholem
Q76420,Georg Cantor,"German mathematician, inventor of set theory (1845–1918)",+1845-02-19T00:00:00Z,+1918-01-06T00:00:00Z,https://en.wikipedia.org/wiki/Georg_Cantor
Q123089,Benjamin Constant,"Swiss-born French politician, writer on politics and religion (1767-1830)",+1767-10-25T00:00:00Z,+1830-12-08T00:00:00Z,https://en.wikipedia.org/wiki/Benjamin_Constant
Q379836,Liang Chi-chao,"Chinese politician, activist and journalist (1873–1929)",+1873-02-23T00:00:00Z,+1929-01-19T00:00:00Z,https://en.wikipedia.org/wiki/Liang_Qichao
Q11919453,Epiphanius of Petra,ancient Greek rhetorician,,,https://en.wikipedia.org/wiki/Epiphanius_of_Petra
Q76512,Franz Xaver von Baader,German philosopher and theologian (1765-1841),+1765-03-27T00:00:00Z,+1841-05-23T00:00:00Z,https://en.wikipedia.org/wiki/Franz_Xaver_von_Baader
Q529858,Giovanni Papini,Italian writer,+1881-01-09T00:00:00Z,+1956-07-08T00:00:00Z,https://en.wikipedia.org/wiki/Giovanni_Papini
Q1394,Vladimir Lenin,"Russian politician, communist theorist and the founder of the Soviet Union",+1870-04-10T00:00:00Z,+1924-01-21T00:00:00Z,https://en.wikipedia.org/wiki/Vladimir_Lenin
Q60887,Jeremy Bentham,"British philosopher, jurist, and social reformer (1748–1832)",+1749-02-15T00:00:00Z,+1832-06-06T00:00:00Z,https://en.wikipedia.org/wiki/Jeremy_Bentham
Q2010955,Mulla Sadra,Iranian Sufi and Shia Muslim Theologian,+1571-00-00T00:00:00Z,+1641-01-01T00:00:00Z,https://en.wikipedia.org/wiki/Mulla_Sadra
Q193660,Ramon Llull,Majorcan writer and philosopher,+1232-00-00T00:00:00Z,+1316-00-00T00:00:00Z,https://en.wikipedia.org/wiki/Ramon_Llull
Q159876,Julia Kristeva,"Bulgarian philosopher, psychoanalyst & academic",+1941-06-24T00:00:00Z,,https://en.wikipedia.org/wiki/Julia_Kristeva
Q381710,Symeon the New Theologian,"Christian saint, monk, and theologian",+0949-01-01T00:00:00Z,+1022-03-12T00:00:00Z,https://en.wikipedia.org/wiki/Symeon_the_New_Theologian
Q169243,Protagoras,Pre-Socratic Greek philosopher (c.490–c.420 BC),-0486-00-00T00:00:00Z,-0420-00-00T00:00:00Z,https://en.wikipedia.org/wiki/Protagoras
Q243757,A. J. Ayer,English philosopher,+1910-10-29T00:00:00Z,+1989-06-27T00:00:00Z,https://en.wikipedia.org/wiki/A._J._Ayer
Q2054,Seneca,"Roman Stoic philosopher, statesman and dramatist (c. 4 BCE–65 CE)",-0004-00-00T00:00:00Z,+0065-04-12T00:00:00Z,https://en.wikipedia.org/wiki/Seneca_the_Younger
Q1290,Blaise Pascal,"French mathematician, physicist, inventor, writer, and Christian philosopher (1623–1662)",+1623-06-19T00:00:00Z,+1662-08-19T00:00:00Z,https://en.wikipedia.org/wiki/Blaise_Pascal
Q5683,Geoffrey Chaucer,14th century English poet and author,+1343-00-00T00:00:00Z,+1400-10-25T00:00:00Z,https://en.wikipedia.org/wiki/Geoffrey_Chaucer
Q5816,Mao Zedong,Chairman of the Chinese Communist Party & founding father of the People's Republic of China (1893–1976),+1893-12-26T00:00:00Z,+1976-09-09T00:00:00Z,https://en.wikipedia.org/wiki/Mao_Zedong
Q76857,Franz Boas,German-American anthropologist,+1858-07-09T00:00:00Z,+1942-12-21T00:00:00Z,https://en.wikipedia.org/wiki/Franz_Boas
Q550629,Lyndon LaRouche,American political activist (1922-2019),+1922-09-08T00:00:00Z,+2019-02-12T00:00:00Z,https://en.wikipedia.org/wiki/Lyndon_LaRouche
Q5752,Peter Kropotkin,Russian revolutionary socialist and philosopher (1842–1921),+1842-11-27T00:00:00Z,+1921-02-08T00:00:00Z,https://en.wikipedia.org/wiki/Peter_Kropotkin
Q2066255,Fazlur Rahman Malik,Pakistani philosopher,+1919-09-21T00:00:00Z,+1988-07-26T00:00:00Z,https://en.wikipedia.org/wiki/Fazlur_Rahman_Malik
Q290536,Ram Dass,American contemporary spiritual teacher and the author of the 1971 book Be Here Now,+1931-04-06T00:00:00Z,+2019-12-22T00:00:00Z,https://en.wikipedia.org/wiki/Ram_Dass
Q140694,Alexis de Tocqueville,French political thinker and historian (1805-1859),+1805-07-29T00:00:00Z,+1859-04-16T00:00:00Z,https://en.wikipedia.org/wiki/Alexis_de_Tocqueville
Q486945,Sotion,ancient Greek philosopher,-0100-01-01T00:00:00Z,+0100-01-01T00:00:00Z,https://en.wikipedia.org/wiki/Sotion_(Pythagorean)
Q231690,Bhimrao Ramji Ambedkar,"Indian polymath, philosopher, and social reformer (1891–1956)",+1891-04-14T00:00:00Z,+1956-12-06T00:00:00Z,https://en.wikipedia.org/wiki/B._R._Ambedkar
Q43689,Ambrose,Roman theologian and Bishop of Milan (c. 340–397),+0339-00-00T00:00:00Z,+0397-04-04T00:00:00Z,https://en.wikipedia.org/wiki/Ambrose
Q188411,Bernard of Clairvaux,"Burgundian saint, abbot and theologian (1090-1153)",+1090-01-01T00:00:00Z,+1153-08-20T00:00:00Z,https://en.wikipedia.org/wiki/Bernard_of_Clairvaux
Q762,Leonardo da Vinci,Italian Renaissance polymath (1452−1519),+1452-04-15T00:00:00Z,+1519-05-02T00:00:00Z,https://en.wikipedia.org/wiki/Leonardo_da_Vinci
Q61078,Walter Benjamin,"German literary critic, philosopher and social critic (1892–1940)",+1892-07-15T00:00:00Z,+1940-09-26T00:00:00Z,https://en.wikipedia.org/wiki/Walter_Benjamin
Q6353,Gerardus Mercator,"Flemish geographer, cosmographer and cartographer (1512–1594)",+1512-03-05T00:00:00Z,+1594-12-02T00:00:00Z,https://en.wikipedia.org/wiki/Gerardus_Mercator
Q9049,Noam Chomsky,American linguist and activist (born 1928),+1928-12-07T00:00:00Z,,https://en.wikipedia.org/wiki/Noam_Chomsky
Q314215,Robert Anton Wilson,"American author, futurist, and agnostic mystic",+1932-01-18T00:00:00Z,+2007-01-11T00:00:00Z,https://en.wikipedia.org/wiki/Robert_Anton_Wilson
Q5715809,Henric Sanielevici,"Romanian journalist and literary critic, also remembered for his work in anthropology, ethnography, sociology and zoology (1875-1951)",+1875-09-21T00:00:00Z,+1951-02-19T00:00:00Z,https://en.wikipedia.org/wiki/Henric_Sanielevici
Q191734,Gregory of Nyssa,bishop of Nyssa,+0335-00-00T00:00:00Z,+0395-00-00T00:00:00Z,https://en.wikipedia.org/wiki/Gregory_of_Nyssa
Q76586,Karl Kautsky,"Czech-Austrian philosopher, journalist, and Marxist theoretician (1854-1938)",+1854-10-16T00:00:00Z,+1938-10-17T00:00:00Z,https://en.wikipedia.org/wiki/Karl_Kautsky
Q188903,Mencius,Chinese Confucian philosopher (372–289 BC),-0372-00-00T00:00:00Z,-0289-00-00T00:00:00Z,https://en.wikipedia.org/wiki/Mencius
Q81447,Aldous Huxley,English writer and philosopher (1894–1963),+1894-07-26T00:00:00Z,+1963-11-22T00:00:00Z,https://en.wikipedia.org/wiki/Aldous_Huxley
Q7347121,Robert M. French,cognitive scientist,+1951-01-01T00:00:00Z,,https://en.wikipedia.org/wiki/Robert_M._French
Q14946680,Alasdair Cochrane,"British political theorist, ethicist, activist, author",+1978-03-31T00:00:00Z,,https://en.wikipedia.org/wiki/Alasdair_Cochrane
Q104461,Heinrich Scholz,German theologian (1884-1956),+1884-12-17T00:00:00Z,+1956-12-30T00:00:00Z,https://en.wikipedia.org/wiki/Heinrich_Scholz
Q5524998,Gary Drescher,American artificial intelligence scientist,,,https://en.wikipedia.org/wiki/Gary_Drescher
Q41532,Carl Jung,Swiss psychiatrist and psychotherapist (1875–1961),+1875-07-26T00:00:00Z,+1961-06-06T00:00:00Z,https://en.wikipedia.org/wiki/Carl_Jung
Q8005287,William Bechtel,American philosopher,+1951-00-00T00:00:00Z,,https://en.wikipedia.org/wiki/William_Bechtel
Q37160,David Hume,"Scottish philosopher, economist, and historian",+1711-04-26T00:00:00Z,+1776-08-25T00:00:00Z,https://en.wikipedia.org/wiki/David_Hume
Q535769,Metrodorus of Chios,4th-century BC Greek philosopher,-0500-01-01T00:00:00Z,-0400-01-01T00:00:00Z,https://en.wikipedia.org/wiki/Metrodorus_of_Chios
Q44272,Michel Foucault,French philosopher,+1926-10-15T00:00:00Z,+1984-06-25T00:00:00Z,https://en.wikipedia.org/wiki/Michel_Foucault
Q3312283,John Finnis,Australian legal scholar and philosopher,+1940-07-28T00:00:00Z,,https://en.wikipedia.org/wiki/John_Finnis
Q456963,Candrakīrti,Indian philosopher,+0600-01-01T00:00:00Z,+0650-01-01T00:00:00Z,https://en.wikipedia.org/wiki/Chandrakirti
Q316045,Georg Brandes,Danish literature critic and scholar,+1842-02-04T00:00:00Z,+1927-02-19T00:00:00Z,https://en.wikipedia.org/wiki/Georg_Brandes
Q3498726,Harold Arthur Prichard,British philosopher,+1871-01-01T00:00:00Z,+1947-01-01T00:00:00Z,https://en.wikipedia.org/wiki/H._A._Prichard
Q3838517,Luciano Anceschi,Italian literary critic and essayist,+1911-02-20T00:00:00Z,+1995-05-02T00:00:00Z,https://en.wikipedia.org/wiki/Luciano_Anceschi
Q58586,Edmund Husserl,"German philosopher, known as the father of phenomenology (*1859 – †1938)",+1859-04-08T00:00:00Z,+1938-04-27T00:00:00Z,https://en.wikipedia.org/wiki/Edmund_Husserl
Q3635215,Indra Sen,Indian psychologist,+1903-05-13T00:00:00Z,+1994-03-14T00:00:00Z,https://en.wikipedia.org/wiki/Indra_Sen
Q19008,Arthur Balfour,"British Prime Minister, Conservative politician, and statesman (1848-1930)",+1848-07-25T00:00:00Z,+1930-03-19T00:00:00Z,https://en.wikipedia.org/wiki/Arthur_Balfour
Q2275364,Severus Sebokht,Assyrian bishop,+0575-01-01T00:00:00Z,+0667-01-01T00:00:00Z,https://en.wikipedia.org/wiki/Severus_Sebokht
Q84296,Ludwig Boltzmann,Austrian physicist and philosopher (1844–1906),+1844-02-20T00:00:00Z,+1906-09-05T00:00:00Z,https://en.wikipedia.org/wiki/Ludwig_Boltzmann
Q184366,Thomas Henry Huxley,British biologist and comparative anatomist (1825–1895),+1825-05-04T00:00:00Z,+1895-06-29T00:00:00Z,https://en.wikipedia.org/wiki/Thomas_Henry_Huxley
Q59180,Diogenes of Sinope,4th-century BC Greek Cynic philosopher,-0412-00-00T00:00:00Z,-0323-00-00T00:00:00Z,https://en.wikipedia.org/wiki/Diogenes
Q1963396,Najm al-Din Razi,Persian poet and philosopher,+1177-00-00T00:00:00Z,+1256-01-01T00:00:00Z,https://en.wikipedia.org/wiki/Najm_al-Din_Razi
Q84412,Wilhelm Reich,Austro-Hungarian-born Austrian-American psychoanalyst (1897-1957),+1897-03-24T00:00:00Z,+1957-11-03T00:00:00Z,https://en.wikipedia.org/wiki/Wilhelm_Reich
Q327630,Wesley C. Salmon,American philosopher,+1925-01-01T00:00:00Z,+2001-04-22T00:00:00Z,https://en.wikipedia.org/wiki/Wesley_C._Salmon
Q61151,Eduard Spranger,German psychologist (1882-1963),+1882-06-27T00:00:00Z,+1963-09-17T00:00:00Z,https://en.wikipedia.org/wiki/Eduard_Spranger
Q555693,Timofey Granovsky,Russian historian (1813-1855),+1813-03-09T00:00:00Z,+1855-10-04T00:00:00Z,https://en.wikipedia.org/wiki/Timofey_Granovsky
Q3557581,Victor Skumin,"Russian scientist, writer, philosopher",+1948-08-30T00:00:00Z,,https://en.wikipedia.org/wiki/Victor_Skumin
Q471041,Seyyed Hossein Nasr,Iranian philosopher (born 1933),+1933-04-07T00:00:00Z,,https://en.wikipedia.org/wiki/Seyyed_Hossein_Nasr
Q354867,Alan Watts,English writer and lecturer (1915–1973),+1915-01-06T00:00:00Z,+1973-11-16T00:00:00Z,https://en.wikipedia.org/wiki/Alan_Watts
Q38082,Lewis Carroll,"English writer, logician, Anglican deacon and photographer (1832-1898)",+1832-01-27T00:00:00Z,+1898-01-14T00:00:00Z,https://en.wikipedia.org/wiki/Lewis_Carroll
Q935,Isaac Newton,English mathematician and physicist (1642–1727),+1642-12-25T00:00:00Z,+1727-03-31T00:00:00Z,https://en.wikipedia.org/wiki/Isaac_Newton
Q355237,Bruno Latour,"French sociologist, philosopher and anthropologist",+1947-06-22T00:00:00Z,+2022-10-09T00:00:00Z,https://en.wikipedia.org/wiki/Bruno_Latour
Q311485,Pherecydes of Syros,6th-century BCE Greek mythographer and proto-philosopher,-0580-00-00T00:00:00Z,-0520-00-00T00:00:00Z,https://en.wikipedia.org/wiki/Pherecydes_of_Syros
Q170472,Origen,"3rd-century Christian scholar, ascetic and theologian from Alexandria",+0185-01-01T00:00:00Z,+0254-01-01T00:00:00Z,https://en.wikipedia.org/wiki/Origen
Q57188,Ernst Cassirer,German philosopher,+1874-05-28T00:00:00Z,+1945-04-13T00:00:00Z,https://en.wikipedia.org/wiki/Ernst_Cassirer
Q558275,Aryadeva,3rd century Sri Lankan philosopher and writer,+0200-01-01T00:00:00Z,+0250-01-01T00:00:00Z,https://en.wikipedia.org/wiki/Aryadeva
Q185832,Emmanuel Swedenborg,Swedish 18th century scientist and theologian,+1688-01-29T00:00:00Z,+1772-03-29T00:00:00Z,https://en.wikipedia.org/wiki/Emanuel_Swedenborg
Q5749,Pierre-Joseph Proudhon,"French politician, philosopher, anarchist and socialist (1809–1865)",+1809-01-15T00:00:00Z,+1865-01-19T00:00:00Z,https://en.wikipedia.org/wiki/Pierre-Joseph_Proudhon
Q314189,Lev Shestov,Russian existentialist philosopher (1866 – 1938),+1866-01-24T00:00:00Z,+1938-11-19T00:00:00Z,https://en.wikipedia.org/wiki/Lev_Shestov
Q5525794,Gary R. Mar,American philosopher,+1952-01-01T00:00:00Z,,https://en.wikipedia.org/wiki/Gary_R._Mar
Q101638,Mary Wollstonecraft,English writer and intellectual (1759–1797),+1759-04-27T00:00:00Z,+1797-09-10T00:00:00Z,https://en.wikipedia.org/wiki/Mary_Wollstonecraft
Q76749,Edith Stein,"Jewish-German Catholic nun, theologian and philosopher (1891–1942)",+1891-10-12T00:00:00Z,+1942-08-09T00:00:00Z,https://en.wikipedia.org/wiki/Edith_Stein
Q41590,Mircea Eliade,"Romanian-American historian, writer, philosopher and professor at the University of Chicago",+1907-03-09T00:00:00Z,+1986-04-22T00:00:00Z,https://en.wikipedia.org/wiki/Mircea_Eliade
Q355201,Alvin Plantinga,American Christian philosopher,+1932-11-15T00:00:00Z,,https://en.wikipedia.org/wiki/Alvin_Plantinga
Q335011,Thomas Merton,priest and author,+1915-01-31T00:00:00Z,+1968-12-10T00:00:00Z,https://en.wikipedia.org/wiki/Thomas_Merton
Q295386,G. E. Moore,English philosopher (1873–1958),+1873-11-04T00:00:00Z,+1958-10-24T00:00:00Z,https://en.wikipedia.org/wiki/G._E._Moore
Q373036,Claude Lefort,French philosopher,+1924-04-21T00:00:00Z,+2010-10-03T00:00:00Z,https://en.wikipedia.org/wiki/Claude_Lefort
Q7060,Michel Onfray,French philosopher,+1959-01-01T00:00:00Z,,https://en.wikipedia.org/wiki/Michel_Onfray
Q66732,Eugen Rosenstock-Huessy,German-American social philosopher (1888-1973),+1888-07-06T00:00:00Z,+1973-02-24T00:00:00Z,https://en.wikipedia.org/wiki/Eugen_Rosenstock-Huessy
Q191095,Edward Sapir,American linguist and anthropologist (1884-1939),+1884-01-26T00:00:00Z,+1939-02-04T00:00:00Z,https://en.wikipedia.org/wiki/Edward_Sapir
Q65108,Ernst Nolte,German historian and philosopher,+1923-01-11T00:00:00Z,+2016-08-18T00:00:00Z,https://en.wikipedia.org/wiki/Ernst_Nolte
Q48226,Ralph Waldo Emerson,American philosopher (1803–1882),+1803-05-25T00:00:00Z,+1882-04-27T00:00:00Z,https://en.wikipedia.org/wiki/Ralph_Waldo_Emerson
Q43939,Anselm of Canterbury,"Benedictine monk, philosopher, and prelate",+1033-00-00T00:00:00Z,+1109-04-21T00:00:00Z,https://en.wikipedia.org/wiki/Anselm_of_Canterbury
Q76548,Meister Eckhart,German philosopher and theologian,+1260-01-01T00:00:00Z,+1328-01-01T00:00:00Z,https://en.wikipedia.org/wiki/Meister_Eckhart
Q9204,C. S. Lewis,"British writer, lay theologian and scholar (1898–1963)",+1898-11-29T00:00:00Z,+1963-11-22T00:00:00Z,https://en.wikipedia.org/wiki/C._S._Lewis
Q152919,Li Si,Chinese politician of the Qin Dynasty,-0280-01-01T00:00:00Z,-0208-01-01T00:00:00Z,https://en.wikipedia.org/wiki/Li_Si
Q558279,Hayashi Razan,Japanese philosopher,+1583-01-01T00:00:00Z,+1657-03-07T00:00:00Z,https://en.wikipedia.org/wiki/Hayashi_Razan
Q9068,Voltaire,"French writer, historian, and philosopher (1694–1778)",+1694-11-21T00:00:00Z,+1778-05-30T00:00:00Z,https://en.wikipedia.org/wiki/Voltaire
Q9438,Thomas Aquinas,"Italian Dominican friar, philosopher, Catholic priest, and Doctor of the Church",+1225-01-25T00:00:00Z,+1274-03-07T00:00:00Z,https://en.wikipedia.org/wiki/Thomas_Aquinas
Q44481,Pierre-Simon Laplace,French mathematician and astronomer (1749-1827),+1749-03-23T00:00:00Z,+1827-03-05T00:00:00Z,https://en.wikipedia.org/wiki/Pierre-Simon_Laplace
Q179126,John Ruskin,English writer and art critic (1819–1900),+1819-02-08T00:00:00Z,+1900-01-20T00:00:00Z,https://en.wikipedia.org/wiki/John_Ruskin
Q3312923,Miguel Abensour,French philosopher specializing in political philosophy (1939-2017),+1939-02-13T00:00:00Z,+2017-04-22T00:00:00Z,https://en.wikipedia.org/wiki/Miguel_Abensour
Q132524,Ayn Rand,Russian-born American writer and philosopher (1905–1982),+1905-02-02T00:00:00Z,+1982-03-06T00:00:00Z,https://en.wikipedia.org/wiki/Ayn_Rand
Q2707309,Richard J. Bernstein,American philosopher,+1932-05-14T00:00:00Z,+2022-07-04T00:00:00Z,https://en.wikipedia.org/wiki/Richard_J._Bernstein
Q180081,Cato the Elder,"Roman politician, soldier and writer (234–149 BC)",-0234-00-00T00:00:00Z,-0149-01-01T00:00:00Z,https://en.wikipedia.org/wiki/Cato_the_Elder
Q9381,Adam Smith,Scottish moral philosopher and political economist (1723-1790),+1723-06-05T00:00:00Z,+1790-07-17T00:00:00Z,https://en.wikipedia.org/wiki/Adam_Smith
Q665984,Aristippus the Younger,ancient Greek philosopher,-0400-01-01T00:00:00Z,-0400-00-00T00:00:00Z,https://en.wikipedia.org/wiki/Aristippus_the_Younger
Q9047,Gottfried Wilhelm Leibniz,German mathematician and philosopher (1646–1716),+1646-07-01T00:00:00Z,+1716-11-14T00:00:00Z,https://en.wikipedia.org/wiki/Gottfried_Wilhelm_Leibniz
Q102851,Boethius,Roman senator and philosopher of the early 6th century,+0480-01-01T00:00:00Z,+0525-00-00T00:00:00Z,https://en.wikipedia.org/wiki/Boethius
Q44011,Gregory of Nazianzus,"Christian saint, bishop of Constantinople , and theologian",+0329-01-01T00:00:00Z,+0389-01-25T00:00:00Z,https://en.wikipedia.org/wiki/Gregory_of_Nazianzus
Q78484,Rudolf Steiner,"Austrian social reformer, occultist and esotericist (1861–1925)",+1861-02-25T00:00:00Z,+1925-03-30T00:00:00Z,https://en.wikipedia.org/wiki/Rudolf_Steiner
Q3353450,Fakhr-al-Din Iraqi,Persian philosopher,+1213-06-10T00:00:00Z,+1289-00-00T00:00:00Z,https://en.wikipedia.org/wiki/Fakhr_al-Din_Iraqi
Q9397,Zhu Xi,"Chinese historian, Neoconfucian philosopher, poet, and politician during the Song dynasty (1130–1200)",+1130-10-18T00:00:00Z,+1200-04-23T00:00:00Z,https://en.wikipedia.org/wiki/Zhu_Xi
Q11362,Avempace,Arab Andalusian polymath (c. 1085 – 1138),+1080-00-00T00:00:00Z,+1139-00-00T00:00:00Z,https://en.wikipedia.org/wiki/Avempace
Q454802,Ernesto Laclau,Argentine philosopher and political theorist (1935-2014),+1935-10-06T00:00:00Z,+2014-04-13T00:00:00Z,https://en.wikipedia.org/wiki/Ernesto_Laclau
Q667385,Aristos of Ascalon,ancient Greek philosopher,-0050-00-00T00:00:00Z,-0050-00-00T00:00:00Z,https://en.wikipedia.org/wiki/Aristus_of_Ascalon
Q184980,Thomas Kuhn,"American historian, physicist and philosopher",+1922-07-18T00:00:00Z,+1996-06-17T00:00:00Z,https://en.wikipedia.org/wiki/Thomas_Kuhn
Q229646,G. E. M. Anscombe,British analytic philosopher,+1919-03-18T00:00:00Z,+2001-01-05T00:00:00Z,https://en.wikipedia.org/wiki/G._E._M._Anscombe
Q7039031,Nino Cocchiarella,American philosopher,+1933-01-01T00:00:00Z,,https://en.wikipedia.org/wiki/Nino_Cocchiarella
Q172544,John Rawls,American political philosopher (1921–2002),+1921-02-21T00:00:00Z,+2002-11-24T00:00:00Z,https://en.wikipedia.org/wiki/John_Rawls
Q4322534,Pavel Novgorodtsev,"Russian lawyer, philosopher, historian",+1866-02-16T00:00:00Z,+1924-04-23T00:00:00Z,https://en.wikipedia.org/wiki/Pavel_Novgorodtsev
Q5720636,"Henry E. Kyburg, Jr.",American philosopher,+1928-10-09T00:00:00Z,+2007-10-30T00:00:00Z,https://en.wikipedia.org/wiki/Henry_E._Kyburg_Jr.
Q157309,Simone Weil,"French philosopher, Christian mystic, writer and social activist",+1909-02-03T00:00:00Z,+1943-08-24T00:00:00Z,https://en.wikipedia.org/wiki/Simone_Weil
Q8011,Avicenna,"Persian polymath, physician and philosopher (c.980–1037)",+0980-00-00T00:00:00Z,+1037-06-18T00:00:00Z,https://en.wikipedia.org/wiki/Avicenna
Q152388,Theodor W. Adorno,"German philosopher, sociologist and theorist (1903–1969)",+1903-09-11T00:00:00Z,+1969-08-06T00:00:00Z,https://en.wikipedia.org/wiki/Theodor_W._Adorno
Q495259,Yi Ik,Korean philosopher (1681-1763),+1681-10-18T00:00:00Z,+1763-12-17T00:00:00Z,https://en.wikipedia.org/wiki/Yi_Ik
Q21062238,Curtis Yarvin,American computer scientist and political theorist,+1973-06-25T00:00:00Z,,https://en.wikipedia.org/wiki/Curtis_Yarvin
Q43347,Rumi,Sufi und Afghanischer Poet,+1207-09-30T00:00:00Z,+1273-12-17T00:00:00Z,https://en.wikipedia.org/wiki/Rumi
Q12718,Auguste Comte,French philosopher and pioneer of positivism (1798-1857),+1798-01-19T00:00:00Z,+1857-09-05T00:00:00Z,https://en.wikipedia.org/wiki/Auguste_Comte
Q16105913,Melvin Fitting,logician,+1942-01-24T00:00:00Z,,https://en.wikipedia.org/wiki/Melvin_Fitting
Q5879,Johann Wolfgang von Goethe,"German writer, artist, natural scientist and politician (1749–1832)",+1749-08-28T00:00:00Z,+1832-03-22T00:00:00Z,https://en.wikipedia.org/wiki/Johann_Wolfgang_von_Goethe
Q1322939,John Peckham,Archbishop of Canterbury,+1227-00-00T00:00:00Z,+1292-12-08T00:00:00Z,https://en.wikipedia.org/wiki/John_Peckham
Q111637,Leon Henkin,American mathematician,+1921-04-19T00:00:00Z,+2006-11-01T00:00:00Z,https://en.wikipedia.org/wiki/Leon_Henkin
Q132157,Zeno of Elea,Greek philosopher (c. 495 – c. 430 BC),-0490-00-00T00:00:00Z,-0425-00-00T00:00:00Z,https://en.wikipedia.org/wiki/Zeno_of_Elea
Q333922,William Whewell,English philosopher and historian of science (1794–1866),+1794-05-24T00:00:00Z,+1866-03-06T00:00:00Z,https://en.wikipedia.org/wiki/William_Whewell
Q42063,Xuanzang,7th-century Chinese Buddhist monk and scholar,+0602-01-01T00:00:00Z,+0664-01-01T00:00:00Z,https://en.wikipedia.org/wiki/Xuanzang
Q924215,Hecato of Rhodes,ancient Greek philosopher,-0200-01-01T00:00:00Z,-0160-00-00T00:00:00Z,https://en.wikipedia.org/wiki/Hecato_of_Rhodes
Q264918,Arthur de Gobineau,French diplomat and writer known for racial theories (1816–1882),+1816-07-14T00:00:00Z,+1882-10-13T00:00:00Z,https://en.wikipedia.org/wiki/Arthur_de_Gobineau
Q60104,Paul Tillich,German-American theologian and philosopher,+1886-08-20T00:00:00Z,+1965-10-22T00:00:00Z,https://en.wikipedia.org/wiki/Paul_Tillich
Q253407,Donna Haraway,"American philosopher, scholar in the field of science and technology studies",+1944-09-06T00:00:00Z,,https://en.wikipedia.org/wiki/Donna_Haraway
Q48301,Martin Heidegger,German philosopher (1889–1976),+1889-09-26T00:00:00Z,+1976-05-26T00:00:00Z,https://en.wikipedia.org/wiki/Martin_Heidegger
Q4115511,Abu al-Hassan al-Amiri,Persian theologian and philosopher (died 992),+0913-01-01T00:00:00Z,+0992-01-06T00:00:00Z,https://en.wikipedia.org/wiki/Abu_al-Hassan_al-Amiri
Q80612,Anaximenes of Miletus,Greek Ionian Pre-Socratic philosopher (c.586–c.526 BC),-0585-00-00T00:00:00Z,-0525-00-00T00:00:00Z,https://en.wikipedia.org/wiki/Anaximenes_of_Miletus
Q8027,Martin Luther King Jr.,American Baptist minister and civil rights leader (1929–1968),+1929-01-15T00:00:00Z,+1968-04-04T00:00:00Z,https://en.wikipedia.org/wiki/Martin_Luther_King_Jr.
Q312551,Kabir,15th-century Indian mystic poet and saint,+1398-00-00T00:00:00Z,+1518-01-01T00:00:00Z,https://en.wikipedia.org/wiki/Kabir
Q131805,John Dewey,"American philosopher, psychologist, and educational reformer (1859–1952)",+1859-10-20T00:00:00Z,+1952-06-01T00:00:00Z,https://en.wikipedia.org/wiki/John_Dewey
Q1699663,John Corcoran,American logician,+1937-01-01T00:00:00Z,+2021-01-08T00:00:00Z,https://en.wikipedia.org/wiki/John_Corcoran_(logician)
Q779523,William Ernest Hocking,American philosopher (1873-1966),+1873-08-10T00:00:00Z,+1966-06-12T00:00:00Z,https://en.wikipedia.org/wiki/William_Ernest_Hocking
Q9358,Friedrich Nietzsche,German philosopher (1844–1900),+1844-10-15T00:00:00Z,+1900-08-25T00:00:00Z,https://en.wikipedia.org/wiki/Friedrich_Nietzsche
Q205162,Isaiah Berlin,"Russo-British Jewish social and political theorist, philosopher and historian of ideas (1909-1997)",+1909-06-06T00:00:00Z,+1997-11-05T00:00:00Z,https://en.wikipedia.org/wiki/Isaiah_Berlin
Q123382,Frithjof Schuon,"Swiss philosopher, poet and painter (1907-1998)",+1907-06-18T00:00:00Z,+1998-05-05T00:00:00Z,https://en.wikipedia.org/wiki/Frithjof_Schuon
Q1234536,Colotes,ancient Greek philosopher,-0320-00-00T00:00:00Z,,https://en.wikipedia.org/wiki/Colotes
Q26849480,Rineke Verbrugge,university teacher,+1965-03-12T00:00:00Z,,https://en.wikipedia.org/wiki/Rineke_Verbrugge
Q381211,Gennadius Scholarius,Patriarch of Constantinople,+1400-01-01T00:00:00Z,+1473-01-01T00:00:00Z,https://en.wikipedia.org/wiki/Gennadius_Scholarius
Q2044035,Thomas Traherne,English poet,+1636-10-10T00:00:00Z,+1674-10-10T00:00:00Z,https://en.wikipedia.org/wiki/Thomas_Traherne
Q44461,Richard Dawkins,"English ethologist, evolutionary biologist and author",+1941-03-26T00:00:00Z,,https://en.wikipedia.org/wiki/Richard_Dawkins
Q988129,Mary Whiton Calkins,American philosopher and psychologist,+1863-03-30T00:00:00Z,+1930-02-26T00:00:00Z,https://en.wikipedia.org/wiki/Mary_Whiton_Calkins
Q316343,Vasubandhu,4th/5th century Indian Buddhist monk,+0300-00-00T00:00:00Z,+0399-00-00T00:00:00Z,https://en.wikipedia.org/wiki/Vasubandhu
Q579194,John Major,Scottish philosopher,+1467-01-01T00:00:00Z,+1550-01-01T00:00:00Z,https://en.wikipedia.org/wiki/John_Major_(philosopher)
Q38193,Arthur Schopenhauer,German philosopher (1788–1860),+1788-02-22T00:00:00Z,+1860-09-21T00:00:00Z,https://en.wikipedia.org/wiki/Arthur_Schopenhauer
Q313286,Demetrius of Phalerum,ancient Athenian statesman and philosopher,-0350-01-01T00:00:00Z,-0283-00-00T00:00:00Z,https://en.wikipedia.org/wiki/Demetrius_of_Phalerum
Q322922,Jacques Ellul,"French sociologist, technology critic, and Christian anarchist",+1912-01-06T00:00:00Z,+1994-05-19T00:00:00Z,https://en.wikipedia.org/wiki/Jacques_Ellul
Q470890,Harold Laski,British academic (1893-1950),+1893-06-30T00:00:00Z,+1950-03-24T00:00:00Z,https://en.wikipedia.org/wiki/Harold_Laski
Q1185502,Demetrius Lacon,Epicurean philosopher; disciple of Protarchus; contemporary of Zeno of Sidon; teacher of Philodemus,-0150-00-00T00:00:00Z,,https://en.wikipedia.org/wiki/Demetrius_Lacon
Q937697,Stefan Molyneux,"far-right white nationalist and white supremacist podcaster, blogger, author and political commentator",+1966-09-24T00:00:00Z,,https://en.wikipedia.org/wiki/Stefan_Molyneux
Q186123,Francis Fukuyama,"American political scientist, political economist, and author",+1952-10-27T00:00:00Z,,https://en.wikipedia.org/wiki/Francis_Fukuyama
Q937,Albert Einstein,German-born theoretical physicist; developer of the theory of relativity (1879–1955),+1879-03-14T00:00:00Z,+1955-04-18T00:00:00Z,https://en.wikipedia.org/wiki/Albert_Einstein
Q7243,Leo Tolstoy,Russian author (1828–1910),+1828-08-28T00:00:00Z,+1910-11-07T00:00:00Z,https://en.wikipedia.org/wiki/Leo_Tolstoy
Q151403,Thomas Carlyle,"Scottish essayist, historian and philosopher (1795–1881)",+1795-12-04T00:00:00Z,+1881-02-05T00:00:00Z,https://en.wikipedia.org/wiki/Thomas_Carlyle
Q1283657,Aimoin,French monk and chronicler (c.960-c.1010),+0960-00-00T00:00:00Z,+1010-00-00T00:00:00Z,https://en.wikipedia.org/wiki/Aimoin_of_Fleury
Q34670,Albert Camus,"French philosopher, author, and journalist",+1913-11-07T00:00:00Z,+1960-01-04T00:00:00Z,https://en.wikipedia.org/wiki/Albert_Camus
Q243187,Photios I of Constantinople,9th Century Ecumenical Patriarch of Constantinople,+0827-00-00T00:00:00Z,+0896-01-01T00:00:00Z,https://en.wikipedia.org/wiki/Photios_I_of_Constantinople
Q37621,Thomas Hobbes,English philosopher (1588–1679),+1588-04-05T00:00:00Z,+1679-12-04T00:00:00Z,https://en.wikipedia.org/wiki/Thomas_Hobbes
Q6793653,Mauricio Suárez,Spanish philosopher,+1968-10-05T00:00:00Z,,https://en.wikipedia.org/wiki/Mauricio_Suarez
Q925716,Olympiodorus the Elder,Neoplatonist philosopher,+0500-01-01T00:00:00Z,+0600-01-01T00:00:00Z,https://en.wikipedia.org/wiki/Olympiodorus_the_Elder
Q365695,Moses of Chorene,5th-century Armenian historian,+0410-00-00T00:00:00Z,+0490-00-00T00:00:00Z,https://en.wikipedia.org/wiki/Movses_Khorenatsi
Q486291,Yi Hwang,Korean Confucian scholar (1502 -1571),+1501-01-01T00:00:00Z,+1570-01-01T00:00:00Z,https://en.wikipedia.org/wiki/Yi_Hwang
Q220313,Gemistus Pletho,Greek philosopher,+1355-01-01T00:00:00Z,+1452-06-26T00:00:00Z,https://en.wikipedia.org/wiki/Gemistos_Plethon
Q2617709,Alexinus,ancient Greek philosopher,,-0265-01-01T00:00:00Z,https://en.wikipedia.org/wiki/Alexinus
Q55597400,Jean Dullaert,Renaissance philosopher,+1471-01-01T00:00:00Z,+1513-01-01T00:00:00Z,https://en.wikipedia.org/wiki/Jan_Dullaert
Q3625041,Aelius Antipater,Greek sophist and Roman governor,+0150-00-00T00:00:00Z,+0300-00-00T00:00:00Z,https://en.wikipedia.org/wiki/Aelius_Antipater
Q448,Denis Diderot,French Enlightenment philosopher writer and encyclopædist (1713–1784),+1713-10-05T00:00:00Z,+1784-07-31T00:00:00Z,https://en.wikipedia.org/wiki/Denis_Diderot
Q312546,William Stanley Jevons,English economist and logician,+1835-09-01T00:00:00Z,+1882-08-13T00:00:00Z,https://en.wikipedia.org/wiki/William_Stanley_Jevons
Q46830,Robert Hooke,"English natural philosopher, architect and polymath",+1635-07-18T00:00:00Z,+1703-03-03T00:00:00Z,https://en.wikipedia.org/wiki/Robert_Hooke
Q47667,Hu Shih,"Chinese philosopher, essayist and diplomate",+1891-12-17T00:00:00Z,+1962-02-24T00:00:00Z,https://en.wikipedia.org/wiki/Hu_Shih
Q36303,Thales,ancient Greek philosopher and mathematician,-0650-00-00T00:00:00Z,-0548-00-00T00:00:00Z,https://en.wikipedia.org/wiki/Thales_of_Miletus
Q302835,Nasir al-Din al-Tusi,Persian astronomer (1201-1274),+1201-00-00T00:00:00Z,+1273-00-00T00:00:00Z,https://en.wikipedia.org/wiki/Nasir_al-Din_al-Tusi
Q34943,Ptolemy,"2nd-century Roman mathematician, astronomer, geographer",+0100-00-00T00:00:00Z,+0170-00-00T00:00:00Z,https://en.wikipedia.org/wiki/Ptolemy
Q524048,Gentile da Foligno,Italian physician,+1280-00-00T00:00:00Z,+1348-06-18T00:00:00Z,https://en.wikipedia.org/wiki/Gentile_da_Foligno
Q179759,Al-Kindi,"Muslim Arab philosopher, mathematician and physician (c.801–873)",+0801-01-01T00:00:00Z,+0873-00-00T00:00:00Z,https://en.wikipedia.org/wiki/Al-Kindi
Q6175878,Jeffrey Bub,Physicist and philosopher of science,+1942-01-01T00:00:00Z,,https://en.wikipedia.org/wiki/Jeffrey_Bub
Q5264,Hippocrates,Greek physician ( c. 460 – c. 370 BC),-0460-00-00T00:00:00Z,-0370-00-00T00:00:00Z,https://en.wikipedia.org/wiki/Hippocrates
Q7412735,Samuel T. Francis,American journalist and writer (1947–2005),+1947-04-29T00:00:00Z,+2005-02-15T00:00:00Z,https://en.wikipedia.org/wiki/Sam_Francis_(writer)
Q868,Aristotle,Classical Greek philosopher and polymath (384-322 BC),-0384-00-00T00:00:00Z,-0322-00-00T00:00:00Z,https://en.wikipedia.org/wiki/Aristotle
Q672145,Al Sayed Musa al-Sadr,Lebanese politician (1928-),+1928-04-15T00:00:00Z,+1978-08-31T00:00:00Z,https://en.wikipedia.org/wiki/Musa_al-Sadr
Q307,Galileo Galilei,Italian polymath,+1564-02-15T00:00:00Z,+1642-01-08T00:00:00Z,https://en.wikipedia.org/wiki/Galileo_Galilei
Q16513119,Scott J. Shapiro,American philosopher,,,https://en.wikipedia.org/wiki/Scott_J._Shapiro
Q1067,Dante Alighieri,"Italian poet, writer, and philosopher (c. 1265–1321)",+1265-05-30T00:00:00Z,+1321-09-13T00:00:00Z,https://en.wikipedia.org/wiki/Dante_Alighieri
Q272615,J. L. Austin,English philosopher,+1911-03-26T00:00:00Z,+1960-02-08T00:00:00Z,https://en.wikipedia.org/wiki/J._L._Austin
Q8193981,Ran Yong,Disciple of Confucius (born 522 BC),-0522-00-00T00:00:00Z,,https://en.wikipedia.org/wiki/Ran_Yong
Q2528551,Aristo of Ceos,ancient Greek philosopher,,,https://en.wikipedia.org/wiki/Aristo_of_Ceos
Q82049,J.A.S.C.,Irish idealist philosopher and Anglican bishop (1685–1753),+1685-03-12T00:00:00Z,+1753-01-14T00:00:00Z,https://en.wikipedia.org/wiki/George_Berkeley
Q12735,John Amos Comenius,"Czech teacher, educator, philosopher and writer (1592-1670)",+1592-03-28T00:00:00Z,+1670-11-15T00:00:00Z,https://en.wikipedia.org/wiki/John_Amos_Comenius
Q441590,Eustathius of Cappadocia,Roman philosopher and diplomat,+0300-00-00T00:00:00Z,+0362-00-00T00:00:00Z,https://en.wikipedia.org/wiki/Eustathius_of_Cappadocia
Q770298,Sadr al-Din al-Qunawi,Persian mystical or Sufi philosopher (1207-1274),+1209-00-00T00:00:00Z,+1274-01-01T00:00:00Z,https://en.wikipedia.org/wiki/Sadr_al-Din_al-Qunawi
Q9441,The Buddha,Indian philosopher and the founder of Buddhism (623 or 563 BCE – 543 or 483 BCE),-0563-04-08T00:00:00Z,-0483-00-00T00:00:00Z,https://en.wikipedia.org/wiki/The_Buddha
Q184169,Louis Althusser,French Marxist philosopher (1918–1990),+1918-10-16T00:00:00Z,+1990-10-22T00:00:00Z,https://en.wikipedia.org/wiki/Louis_Althusser
Q214969,Willard Van Orman Quine,American philosopher and logician (1908–2000),+1908-06-25T00:00:00Z,+2000-12-25T00:00:00Z,https://en.wikipedia.org/wiki/Willard_Van_Orman_Quine
Q57112,Oswald Spengler,German historian and philosopher (1880-1936),+1880-05-29T00:00:00Z,+1936-05-08T00:00:00Z,https://en.wikipedia.org/wiki/Oswald_Spengler
Q180967,Adi Shankara,8th-century Hindu philosopher and theologian,+0788-00-00T00:00:00Z,+0820-00-00T00:00:00Z,https://en.wikipedia.org/wiki/Adi_Shankara
Q463405,Elia del Medigo,Sephardic philosopher,+1460-01-01T00:00:00Z,+1497-01-01T00:00:00Z,https://en.wikipedia.org/wiki/Elia_del_Medigo
Q11903,Hypatia,Greek Neoplatonist philosopher,+0360-00-00T00:00:00Z,+0415-03-01T00:00:00Z,https://en.wikipedia.org/wiki/Hypatia
Q9333,Laozi,"6th-century BC semi-legendary Chinese philosopher, founder of Taoism",-0604-01-01T00:00:00Z,-0600-01-01T00:00:00Z,https://en.wikipedia.org/wiki/Laozi
Q859,Plato,ancient Greek philosopher (428/423 – 348/347 BC),-0427-05-07T00:00:00Z,-0347-00-00T00:00:00Z,https://en.wikipedia.org/wiki/Plato
Q3348646,Abul Hasan Ali Hasani Nadwi,"Indian Islamic scholar, thinker, author, orator and critic of Arab Nationalist",+1913-12-05T00:00:00Z,+1999-12-31T00:00:00Z,https://en.wikipedia.org/wiki/Abul_Hasan_Ali_Hasani_Nadwi
Q9364,Jean-Paul Sartre,French Existentialist philosopher (1905–1980),+1905-06-21T00:00:00Z,+1980-04-15T00:00:00Z,https://en.wikipedia.org/wiki/Jean-Paul_Sartre
Q463151,Pierre Clastres,French anthropologist (1934-1977),+1934-05-17T00:00:00Z,+1977-07-29T00:00:00Z,https://en.wikipedia.org/wiki/Pierre_Clastres
Q11104,Al-Hassan Ibn Al-Haytham,"Persian physicist, mathematician and astronomer (c. 965 – c. 1040)",+0965-00-00T00:00:00Z,+1038-00-00T00:00:00Z,https://en.wikipedia.org/wiki/Ibn_al-Haytham
Q817484,Benjamin Fondane,Romanian-French writer,+1898-11-14T00:00:00Z,+1944-10-02T00:00:00Z,https://en.wikipedia.org/wiki/Benjamin_Fondane
Q16388668,Hovhannes Erznkatsi,Armenian writer,+1230-00-00T00:00:00Z,+1293-01-01T00:00:00Z,https://en.wikipedia.org/wiki/Hovhannes_Erznkatsi
Q306514,Abbie Hoffman,American activist (1936–1989),+1936-11-30T00:00:00Z,+1989-04-12T00:00:00Z,https://en.wikipedia.org/wiki/Abbie_Hoffman
Q561367,Lucius Aelius Stilo Praeconinus,Roman philologist (c. 154 – 74 BC),-0154-01-01T00:00:00Z,-0074-01-01T00:00:00Z,https://en.wikipedia.org/wiki/Lucius_Aelius_Stilo_Praeconinus
Q2493557,Vladimir Pashuto,Russian historian,+1918-04-19T00:00:00Z,+1983-06-10T00:00:00Z,https://en.wikipedia.org/wiki/Vladimir_Pashuto
Q184226,Gilles Deleuze,French philosopher (1925–1995),+1925-01-18T00:00:00Z,+1995-11-04T00:00:00Z,https://en.wikipedia.org/wiki/Gilles_Deleuze
Q619,Nicolaus Copernicus,Polish mathematician and astronomer (1473–1543),+1473-02-19T00:00:00Z,+1543-05-24T00:00:00Z,https://en.wikipedia.org/wiki/Nicolaus_Copernicus
Q42458,Anaximander,pre-Socratic Greek philosopher,-0610-01-01T00:00:00Z,-0547-00-00T00:00:00Z,https://en.wikipedia.org/wiki/Anaximander
Q484141,Muhammad Iqbal,"South Asian Muslim writer, philosopher, and politician",+1877-11-09T00:00:00Z,+1938-04-21T00:00:00Z,https://en.wikipedia.org/wiki/Muhammad_Iqbal
Q75814,Wilhelm Wundt,"German physician, physiologist, philosopher and professor (1832-1920)",+1832-08-16T00:00:00Z,+1920-08-31T00:00:00Z,https://en.wikipedia.org/wiki/Wilhelm_Wundt
Q189506,Aristippus,"Greek philosopher, founder of Cyrenaicism (c.435–c.356 BCE)",-0434-00-00T00:00:00Z,-0355-01-01T00:00:00Z,https://en.wikipedia.org/wiki/Aristippus
Q171677,Roger Bacon,medieval philosopher and theologian,+1220-00-00T00:00:00Z,+1292-00-00T00:00:00Z,https://en.wikipedia.org/wiki/Roger_Bacon
Q449538,Alexander Zinoviev,Russian writer,+1922-10-29T00:00:00Z,+2006-05-10T00:00:00Z,https://en.wikipedia.org/wiki/Alexander_Zinoviev
Q1063699,Charles Beitz,American political theorist,+1949-07-20T00:00:00Z,,https://en.wikipedia.org/wiki/Charles_Beitz
Q695534,Tyrannion of Amisus,ancient Greek grammarian,,-0026-00-00T00:00:00Z,https://en.wikipedia.org/wiki/Tyrannion_of_Amisus
Q4604,Confucius,Chinese philosopher and politician (551–479 BCE),-0552-10-09T00:00:00Z,-0479-03-09T00:00:00Z,https://en.wikipedia.org/wiki/Confucius
Q1244262,David of Dinant,Pantheistic philosopher,+1160-01-01T00:00:00Z,+1217-01-01T00:00:00Z,https://en.wikipedia.org/wiki/David_of_Dinant
Q311879,Herodes Atticus,Greek sophist and Roman senator (101–177),+0101-00-00T00:00:00Z,+0177-00-00T00:00:00Z,https://en.wikipedia.org/wiki/Herodes_Atticus
Q1001,Mahatma Gandhi,Indian nationalist and nonviolence leader (1869–1948),+1869-10-02T00:00:00Z,+1948-01-30T00:00:00Z,https://en.wikipedia.org/wiki/Mahatma_Gandhi
Q9061,Karl Marx,German-born philosopher (1818–1883),+1818-05-05T00:00:00Z,+1883-03-14T00:00:00Z,https://en.wikipedia.org/wiki/Karl_Marx
Q355245,Henry George,American political economist and journalist (1839–1897),+1839-09-02T00:00:00Z,+1897-10-29T00:00:00Z,https://en.wikipedia.org/wiki/Henry_George
Q4069325,Aristoteles of Mytilene,2nd century Greek Peripatetic philosopher,,,https://en.wikipedia.org/wiki/Aristotle_of_Mytilene
Q9387,Max Weber,"German sociologist, philosopher, and political economist (1864–1920)",+1864-04-21T00:00:00Z,+1920-06-14T00:00:00Z,https://en.wikipedia.org/wiki/Max_Weber
Q332905,J. Barkley Rosser,American logician,+1907-12-06T00:00:00Z,+1989-09-05T00:00:00Z,https://en.wikipedia.org/wiki/J._Barkley_Rosser
Q9554,Martin Luther,"German priest, theologian and author (1483–1546)",+1483-11-10T00:00:00Z,+1546-02-18T00:00:00Z,https://en.wikipedia.org/wiki/Martin_Luther
Q9391,Ludwig Wittgenstein,Austrian-British philosopher (1889–1951),+1889-04-26T00:00:00Z,+1951-04-29T00:00:00Z,https://en.wikipedia.org/wiki/Ludwig_Wittgenstein
Q47154,Lucretius,1st-century BC Roman poet and philosopher,-0094-00-00T00:00:00Z,-0055-01-01T00:00:00Z,https://en.wikipedia.org/wiki/Lucretius
Q295012,John Searle,American philosopher,+1932-07-31T00:00:00Z,,https://en.wikipedia.org/wiki/John_Searle
Q2939300,Carlos Astrada,Argentine philosopher (1894-1970),+1894-02-26T00:00:00Z,+1970-12-23T00:00:00Z,https://en.wikipedia.org/wiki/Carlos_Astrada
Q212639,Maurice Merleau-Ponty,French phenomenological philosopher,+1908-03-14T00:00:00Z,+1961-05-03T00:00:00Z,https://en.wikipedia.org/wiki/Maurice_Merleau-Ponty
Q1430,Marcus Aurelius,Roman emperor from 161 to 180 and Stoic philosopher,+0121-04-26T00:00:00Z,+0180-03-17T00:00:00Z,https://en.wikipedia.org/wiki/Marcus_Aurelius
Q7609232,Stephen Francis Barker,American philosopher of mathematics (1927-2019),+1927-01-11T00:00:00Z,+2019-12-16T00:00:00Z,https://en.wikipedia.org/wiki/Stephen_F._Barker
Q13230,Ferdinand de Saussure,Swiss linguist (1857-1913),+1857-11-26T00:00:00Z,+1913-02-22T00:00:00Z,https://en.wikipedia.org/wiki/Ferdinand_de_Saussure
Q311160,Hussein-Ali Montazeri,"Iranian Islamic theologian, Islamic democracy activist, writer and human rights activist (1922-2009)",+1922-09-22T00:00:00Z,+2009-12-20T00:00:00Z,https://en.wikipedia.org/wiki/Hussein-Ali_Montazeri
Q2287807,Simone Simoni,Italian philosopher,+1532-01-01T00:00:00Z,+1602-04-02T00:00:00Z,https://en.wikipedia.org/wiki/Simone_Simoni
Q83331,Louis de Broglie,Nobel laureate credited to pioneer the discovery of wave character of matter,+1892-08-15T00:00:00Z,+1987-03-19T00:00:00Z,https://en.wikipedia.org/wiki/Louis_de_Broglie
Q3482420,Shmuel Trigano,French sociologist,+1948-01-01T00:00:00Z,,https://en.wikipedia.org/wiki/Shmuel_Trigano
Q144535,Herbert Spencer,English philosopher and political theorist (1820–1903),+1820-04-27T00:00:00Z,+1903-12-08T00:00:00Z,https://en.wikipedia.org/wiki/Herbert_Spencer
Q165792,Edmund Burke,"Anglo-Irish statesman, political theorist and conservative philosopher (1729–1797)",+1729-01-12T00:00:00Z,+1797-07-09T00:00:00Z,https://en.wikipedia.org/wiki/Edmund_Burke
Q8778,Galen,"Greek physician, surgeon and philosopher (129-c.216)",+0200-00-00T00:00:00Z,+0300-00-00T00:00:00Z,https://en.wikipedia.org/wiki/Galen
Q309854,Joseph de Maistre,"Savoyard philosopher, writer, lawyer, and diplomat (1753-1821)",+1753-04-01T00:00:00Z,+1821-02-26T00:00:00Z,https://en.wikipedia.org/wiki/Joseph_de_Maistre
Q60030,Herbert Marcuse,"German philosopher, sociologist, and political theorist (1898–1979)",+1898-07-19T00:00:00Z,+1979-07-29T00:00:00Z,https://en.wikipedia.org/wiki/Herbert_Marcuse
Q569063,Roberto Mangabeira Unger,Brazilian philosopher and politician,+1947-03-24T00:00:00Z,,https://en.wikipedia.org/wiki/Roberto_Mangabeira_Unger
Q10261,Pythagoras,Greek philosopher (c. 570 – c. 495 BC),-0550-00-00T00:00:00Z,-0490-00-00T00:00:00Z,https://en.wikipedia.org/wiki/Pythagoras
Q160640,Raymond Aron,"French philosopher, sociologist, journalist, and political scientist (1905–1983)",+1905-03-14T00:00:00Z,+1983-10-17T00:00:00Z,https://en.wikipedia.org/wiki/Raymond_Aron
Q435300,Francesco Patrizi,Venetian philosopher and scientist (1529-1597),+1529-04-25T00:00:00Z,+1597-02-06T00:00:00Z,https://en.wikipedia.org/wiki/Franciscus_Patricius
Q255275,Charmadas,ancient Greek philosopher,-0168-00-00T00:00:00Z,-0103-00-00T00:00:00Z,https://en.wikipedia.org/wiki/Charmadas
Q76326,Dietrich Bonhoeffer,"German Lutheran pastor, theologian, anti-Nazi dissident",+1906-02-04T00:00:00Z,+1945-04-09T00:00:00Z,https://en.wikipedia.org/wiki/Dietrich_Bonhoeffer
Q8739,Archimedes,Greek mathematician and physicist ( c.287–c.212 BC),-0287-00-00T00:00:00Z,-0212-01-01T00:00:00Z,https://en.wikipedia.org/wiki/Archimedes
Q364975,Richard Cantillon,Irish-French economist and banker,+1675-00-00T00:00:00Z,+1734-05-14T00:00:00Z,https://en.wikipedia.org/wiki/Richard_Cantillon
Q76849,Georg Simmel,"German sociologist, philosopher, and critic (1858-1918)",+1858-03-01T00:00:00Z,+1918-09-26T00:00:00Z,https://en.wikipedia.org/wiki/Georg_Simmel
Q353754,Paul de Man,literary theorist,+1919-12-06T00:00:00Z,+1983-12-21T00:00:00Z,https://en.wikipedia.org/wiki/Paul_de_Man
Q173893,John Wycliffe,English theologian and early dissident in the Roman Catholic Church,+1320-00-00T00:00:00Z,+1384-12-31T00:00:00Z,https://en.wikipedia.org/wiki/John_Wycliffe
Q33941,Julian,"last Pagan Roman emperor, reigned 361 to 363",+0331-00-00T00:00:00Z,+0363-06-26T00:00:00Z,https://en.wikipedia.org/wiki/Julian_(emperor)
Q34787,Friedrich Engels,German political philosopher and revolutionary socialist (1820–1895),+1820-11-28T00:00:00Z,+1895-08-05T00:00:00Z,https://en.wikipedia.org/wiki/Friedrich_Engels
Q60070,Friedrich Wilhelm Joseph Schelling,German philosopher (1775–1854),+1775-01-27T00:00:00Z,+1854-08-20T00:00:00Z,https://en.wikipedia.org/wiki/Friedrich_Wilhelm_Joseph_Schelling
Q1325,Friedrich Hayek,Austrian and British economist,+1899-05-08T00:00:00Z,+1992-03-23T00:00:00Z,https://en.wikipedia.org/wiki/Friedrich_Hayek
Q76327,Rudolf Bultmann,German theologian,+1884-08-20T00:00:00Z,+1976-07-30T00:00:00Z,https://en.wikipedia.org/wiki/Rudolf_Bultmann
Q2318969,Peter Rollins,Northern Irish writer,+1973-03-31T00:00:00Z,,https://en.wikipedia.org/wiki/Peter_Rollins
Q2757496,Gaston Berger,French philosopher,+1896-10-01T00:00:00Z,+1960-11-13T00:00:00Z,https://en.wikipedia.org/wiki/Gaston_Berger
Q9312,Immanuel Kant,German philosopher (1724–1804),+1724-04-22T00:00:00Z,+1804-02-12T00:00:00Z,https://en.wikipedia.org/wiki/Immanuel_Kant
Q79969,Emma Goldman,Russian anarchist,+1869-06-27T00:00:00Z,+1940-05-14T00:00:00Z,https://en.wikipedia.org/wiki/Emma_Goldman
Q334147,Julius Evola,Italian philosopher and esotericist (1898-1974),+1898-05-19T00:00:00Z,+1974-06-11T00:00:00Z,https://en.wikipedia.org/wiki/Julius_Evola
Q729048,Olavo de Carvalho,"Brazilian astrologer, essayist, lecturer, writer, and journalist (1947-2022)",+1947-04-29T00:00:00Z,+2022-01-24T00:00:00Z,https://en.wikipedia.org/wiki/Olavo_de_Carvalho
Q43182,Eratosthenes,"greek mathematician, geographer, poet, astronomer, librarian and music theorist",-0276-00-00T00:00:00Z,-0194-01-01T00:00:00Z,https://en.wikipedia.org/wiki/Eratosthenes
Q780789,Attalus,ancient Greek philosopher (Stoicism),,+0001-01-01T00:00:00Z,https://en.wikipedia.org/wiki/Attalus_(Stoic)
Q539514,Metrodorus of Lampsacus,ancient Greek philosopher,-0500-00-00T00:00:00Z,-0464-01-01T00:00:00Z,https://en.wikipedia.org/wiki/Metrodorus_of_Lampsacus_(the_elder)
Q2087377,Asclepiades of Phlius,ancient Greek philosopher,-0350-00-00T00:00:00Z,-0270-00-00T00:00:00Z,https://en.wikipedia.org/wiki/Asclepiades_of_Phlius
Q11826,Al-Biruni,11th-century Central Asian scholar and polymath,+0973-09-04T00:00:00Z,+1048-12-09T00:00:00Z,https://en.wikipedia.org/wiki/Al-Biruni
Q77609,Hermann Bonitz,German philologist and educationist (1814–1888),+1814-07-29T00:00:00Z,+1888-07-25T00:00:00Z,https://en.wikipedia.org/wiki/Hermann_Bonitz
Q9353,John Locke,English philosopher and physician (1632–1704),+1632-08-29T00:00:00Z,+1704-10-28T00:00:00Z,https://en.wikipedia.org/wiki/John_Locke
Q134661,George Boole,"English mathematician, philosopher and logician (1815–1864)",+1815-11-02T00:00:00Z,+1864-12-08T00:00:00Z,https://en.wikipedia.org/wiki/George_Boole
Q171969,Georges Cuvier,"French naturalist, zoologist and paleontologist (1769–1832)",+1769-08-23T00:00:00Z,+1832-05-13T00:00:00Z,https://en.wikipedia.org/wiki/Georges_Cuvier
Q7322195,Riazuddin,Pakistani nuclear physicist,+1930-11-10T00:00:00Z,+2013-09-09T00:00:00Z,https://en.wikipedia.org/wiki/Riazuddin_(physicist)
Q297079,Murray Rothbard,American economist (1926–1995),+1926-03-02T00:00:00Z,+1995-01-07T00:00:00Z,https://en.wikipedia.org/wiki/Murray_Rothbard
Q179266,Jiddu Krishnamurti,"Indian spiritual philosopher, mystic, speaker and writer (1895–1986)",+1895-05-12T00:00:00Z,+1986-02-17T00:00:00Z,https://en.wikipedia.org/wiki/Jiddu_Krishnamurti
Q6527,Jean-Jacques Rousseau,"Genevan philosopher, writer, and composer (1712–1778)",+1712-06-28T00:00:00Z,+1778-07-02T00:00:00Z,https://en.wikipedia.org/wiki/Jean-Jacques_Rousseau
Q1393417,Ali ibn Sahl Rabban al-Tabari,Persian scholar and physician,+0838-01-01T00:00:00Z,+0870-01-01T00:00:00Z,https://en.wikipedia.org/wiki/Ali_ibn_Sahl_Rabban_al-Tabari
Q178709,Giambattista Vico,"Italian philosopher, rhetorician, historian and jurist",+1668-06-23T00:00:00Z,+1744-01-23T00:00:00Z,https://en.wikipedia.org/wiki/Giambattista_Vico
Q1957878,Ephrem Mtsire,"11th century Georgian monk, philosopher and philologist",+1001-00-00T00:00:00Z,+1101-01-18T00:00:00Z,https://en.wikipedia.org/wiki/Ephrem_Mtsire
Q154959,Hugo Grotius,Dutch jurist and scholar (1583-1645),+1583-04-10T00:00:00Z,+1645-08-28T00:00:00Z,https://en.wikipedia.org/wiki/Hugo_Grotius
Q1189157,Nausiphanes,ancient Greek philosopher,-0400-00-00T00:00:00Z,-0400-00-00T00:00:00Z,https://en.wikipedia.org/wiki/Nausiphanes
Q160456,Angela Davis,"American political activist, scholar, and author",+1944-01-26T00:00:00Z,,https://en.wikipedia.org/wiki/Angela_Davis
Q154332,Alcuin,"8th century English scholar, clergyman, poet, and teacher",+0724-00-00T00:00:00Z,+0804-05-19T00:00:00Z,https://en.wikipedia.org/wiki/Alcuin
Q248578,Chrysanthius,ancient Greek philosopher,+0310-01-01T00:00:00Z,+0390-01-01T00:00:00Z,https://en.wikipedia.org/wiki/Chrysanthius
Q370389,Louis Marin,French philosopher,+1931-05-22T00:00:00Z,+1992-10-29T00:00:00Z,https://en.wikipedia.org/wiki/Louis_Marin_(philosopher)
Q97502,Valentin Alberti,"Philosopher, theologian (1635-1697)",+1635-12-15T00:00:00Z,+1697-09-19T00:00:00Z,https://en.wikipedia.org/wiki/Valentin_Alberti
Q33760,Bertrand Russell,British philosopher and logician (1872–1970),+1872-05-18T00:00:00Z,+1970-02-02T00:00:00Z,https://en.wikipedia.org/wiki/Bertrand_Russell
Q404779,David Miller,philosopher,+1942-08-19T00:00:00Z,,https://en.wikipedia.org/wiki/David_Miller_(philosopher)
Q7245,Mark Twain,American author and humorist (1835–1910),+1835-11-30T00:00:00Z,+1910-04-21T00:00:00Z,https://en.wikipedia.org/wiki/Mark_Twain
Q189454,Helena Blavatsky,Russian occult writer,+1831-08-12T00:00:00Z,+1891-04-26T00:00:00Z,https://en.wikipedia.org/wiki/Helena_Blavatsky
Q83003,Antonio Gramsci,"Italian Marxist philosopher, writer, and politician (1891–1937)",+1891-01-22T00:00:00Z,+1937-04-27T00:00:00Z,https://en.wikipedia.org/wiki/Antonio_Gramsci
Q81244,Karl Popper,"Austrian-British philosopher of science and social and political philosopher noted for falsificationism and for criticism of Plato, Hegel and Marx as totalitarian opponents of open society (1902-1994)",+1902-07-28T00:00:00Z,+1994-09-17T00:00:00Z,https://en.wikipedia.org/wiki/Karl_Popper
Q180819,Lev Vygotsky,Soviet psychologist,+1896-11-17T00:00:00Z,+1934-06-10T00:00:00Z,https://en.wikipedia.org/wiki/Lev_Vygotsky
Q123147,Ammonius Hermiae,Greek philosopher,+0440-01-01T00:00:00Z,+0523-01-01T00:00:00Z,https://en.wikipedia.org/wiki/Ammonius_Hermiae
Q43423,Aesop,ancient Greek storyteller,-0620-00-00T00:00:00Z,-0564-00-00T00:00:00Z,https://en.wikipedia.org/wiki/Aesop
Q160460,Al-Farabi,10th century Islamic philosopher and jurist,+0872-01-10T00:00:00Z,+0951-01-17T00:00:00Z,https://en.wikipedia.org/wiki/Al-Farabi
Q183126,Ramakrishna,Indian mystic and religious preacher (1836–1886),+1836-02-18T00:00:00Z,+1886-08-16T00:00:00Z,https://en.wikipedia.org/wiki/Ramakrishna
Q326459,Dmitry Merezhkovsky,"Russian novelist, poet, religious thinker, and literary critic",+1865-08-02T00:00:00Z,+1941-12-09T00:00:00Z,https://en.wikipedia.org/wiki/Dmitry_Merezhkovsky
Q5638786,Hagnon of Tarsus,ancient Greek rhetorician and philosopher,,,https://en.wikipedia.org/wiki/Hagnon_of_Tarsus
Q160362,Theophrastus,Greek philosopher (c.371-c.287 BC),-0371-00-00T00:00:00Z,-0287-00-00T00:00:00Z,https://en.wikipedia.org/wiki/Theophrastus
Q242616,Patricia Churchland,Canadian philosopher,+1943-07-16T00:00:00Z,,https://en.wikipedia.org/wiki/Patricia_Churchland
Q4734342,Alon Harel,Israeli academic,+1957-01-01T00:00:00Z,,https://en.wikipedia.org/wiki/Alon_Harel
Q17303834,Ibn al-Khammar,"East Syriac philosopher, physician, and translator (942-after 1017)",+0942-11-01T00:00:00Z,,https://en.wikipedia.org/wiki/Ibn_al-Khammar
Q400887,Ahmad ibn Zayn al-Din al-Ahsa'i,Founder of Shaykhí school of Twelver Shiism (1753–1826),+1753-05-00T00:00:00Z,+1826-06-27T00:00:00Z,https://en.wikipedia.org/wiki/Shaykh_Ahmad
Q160270,David Ricardo,"British political economist, broker and politician (1772-1823)",+1772-04-18T00:00:00Z,+1823-09-11T00:00:00Z,https://en.wikipedia.org/wiki/David_Ricardo
Q288441,Ramana Maharshi,Indian Hindu sage (1879–1950),+1879-12-30T00:00:00Z,+1950-04-14T00:00:00Z,https://en.wikipedia.org/wiki/Ramana_Maharshi
Q212730,Steven Pinker,"Canadian-American cognitive psychologist, linguist, and author, an advocate of evolutionary psychology and the computational theory of the mind",+1954-09-18T00:00:00Z,,https://en.wikipedia.org/wiki/Steven_Pinker
Q183167,G. K. Chesterton,English author and Christian apologist (1874–1936),+1874-05-29T00:00:00Z,+1936-06-14T00:00:00Z,https://en.wikipedia.org/wiki/G._K._Chesterton
Q1271013,Adrianus of Tyre,sophist during the reigns of Marcus Aurelius and Commodus,+0113-01-01T00:00:00Z,+0193-01-01T00:00:00Z,https://en.wikipedia.org/wiki/Adrianus
Q45125,Kitarō Nishida,Japanese philosopher,+1870-05-19T00:00:00Z,+1945-06-07T00:00:00Z,https://en.wikipedia.org/wiki/Kitaro_Nishida
Q243787,Gregory Palamas,14th century Byzantine Greek cleric and theologian,+1296-01-01T00:00:00Z,+1359-11-14T00:00:00Z,https://en.wikipedia.org/wiki/Gregory_Palamas
Q46420,Ibn Arabi,Arab Andalusian Sufi mystic and philosopher,+1165-07-28T00:00:00Z,+1240-11-16T00:00:00Z,https://en.wikipedia.org/wiki/Ibn_Arabi
Q310341,Antonio Negri,Italian sociologist and political philosopher,+1933-08-01T00:00:00Z,,https://en.wikipedia.org/wiki/Antonio_Negri
